,gyrMag-min,gyrMag-max,gyrMag-mean,gyrMag-median,gyrMag-std,gyrMag-IQR,gyrMag-RMS,gyrMag-MCR,gyrMag-Kurt,gyrMag-Skew,gyrMag-frEnergy,gyrMag-PeakFreq,gyrMag-frDmEntroPy,gyrMag-frMag1,gyrMag-frMag2,gyrMag-frMag3,gyrMag-frMag4,gyrMag-frMag5,accMag-min,accMag-max,accMag-mean,accMag-median,accMag-std,accMag-IQR,accMag-RMS,accMag-MCR,accMag-Kurt,accMag-Skew,accMag-frEnergy,accMag-PeakFreq,accMag-frDmEntroPy,accMag-frMag1,accMag-frMag2,accMag-frMag3,accMag-frMag4,accMag-frMag5
1,8.761,122.507,46.648,42.455,24.958,35.276,52.787,0.38,0.862,0.998,75.693,0.2,3.056,8.291,2.311,0.2,4.312,3.721,6.057,15.397,10.171,10.357,1.914,1.769,10.345,0.64,0.399,0.009,5.986,3.2,3.089,0.135,0.095,0.099,0.16,0.124
2,9.971,288.894,49.821,40.092,46.97,33.788,68.148,0.32,11.841,3.024,149.101,0.4,3.102,8.865,14.124,6.867,3.811,11.242,3.034,19.136,9.948,9.755,2.394,1.295,10.227,0.44,5.437,1.149,7.532,3.0,3.081,0.199,0.277,0.228,0.329,0.373
3,5.654,187.07,48.433,36.959,36.412,26.936,60.375,0.22,4.296,2.077,95.609,0.2,2.872,11.871,9.208,9.368,10.44,9.257,7.312,12.619,9.977,9.975,1.227,1.501,10.051,0.64,-0.111,0.045,3.799,4.2,3.061,0.099,0.029,0.105,0.072,0.122
4,7.239,95.707,39.931,40.01,20.255,28.949,44.682,0.44,0.268,0.589,63.709,0.4,3.087,2.208,5.613,4.88,5.409,1.452,6.381,18.105,10.001,9.971,1.908,1.804,10.178,0.48,5.01,1.468,6.2,5.0,3.102,0.166,0.429,0.178,0.115,0.503
5,7.104,241.676,84.221,67.204,59.201,72.976,102.605,0.34,0.127,0.91,164.163,0.4,2.987,15.858,24.527,6.857,2.125,4.361,6.132,14.95,10.231,10.241,1.913,1.951,10.405,0.6,0.018,-0.121,6.321,4.6,3.124,0.167,0.259,0.28,0.135,0.045
6,4.287,258.759,105.274,93.928,61.616,89.53,121.669,0.46,-0.149,0.691,194.809,0.2,3.113,18.432,10.809,6.69,14.333,6.097,6.352,13.412,10.214,10.334,1.842,2.995,10.376,0.62,-0.946,-0.209,5.776,2.8,3.075,0.106,0.117,0.126,0.2,0.276
7,3.693,254.448,61.024,38.655,55.626,41.073,82.197,0.2,2.947,1.879,155.873,0.2,3.007,25.828,13.893,6.752,3.845,4.891,2.58,14.609,10.433,10.425,2.269,2.709,10.672,0.6,1.497,-0.668,7.524,2.2,3.131,0.259,0.198,0.155,0.264,0.156
8,6.753,109.973,42.362,33.792,27.889,33.0,50.565,0.28,0.186,1.051,76.723,0.6,2.945,4.005,9.624,9.713,5.037,4.595,3.326,15.938,9.98,10.045,1.942,1.275,10.164,0.48,3.488,-0.264,5.895,4.6,3.057,0.265,0.126,0.179,0.102,0.177
10,13.707,152.286,61.298,59.154,30.681,38.551,68.41,0.5,0.57,0.885,100.516,5.0,3.082,3.001,4.183,4.122,5.091,3.615,6.145,16.403,10.461,9.927,2.112,2.939,10.667,0.5,-0.003,0.485,6.589,4.4,3.081,0.249,0.087,0.259,0.281,0.165
11,4.741,196.256,57.343,48.022,35.477,37.159,67.244,0.36,3.2,1.412,109.763,0.2,3.07,8.837,5.134,5.82,7.78,2.324,4.805,16.272,10.139,9.904,2.109,2.651,10.352,0.56,0.701,0.454,6.706,1.0,3.094,0.255,0.073,0.025,0.324,0.556
12,12.429,91.118,39.593,39.138,18.404,23.298,43.584,0.48,0.144,0.672,56.452,1.6,3.057,1.516,3.318,3.487,2.96,3.794,5.393,16.014,10.272,10.039,1.899,1.979,10.443,0.54,1.156,0.566,5.584,4.8,3.006,0.017,0.263,0.185,0.265,0.201
13,5.277,110.617,35.348,27.53,22.017,34.533,41.527,0.26,1.203,1.143,66.573,0.4,3.065,4.53,7.897,2.956,3.943,1.839,7.034,11.742,9.987,9.986,1.018,1.295,10.038,0.58,0.698,-0.791,3.192,4.6,3.095,0.127,0.094,0.163,0.056,0.097
14,9.041,71.048,37.629,37.811,15.345,25.261,40.58,0.52,-0.837,0.137,47.881,0.4,3.07,1.741,4.556,1.63,0.881,1.484,6.883,13.013,10.028,9.912,1.442,2.093,10.129,0.68,-0.432,0.031,4.184,4.8,3.011,0.087,0.012,0.081,0.123,0.045
15,7.7,79.798,38.19,34.64,17.424,17.757,41.904,0.36,-0.109,0.524,56.569,0.2,3.131,4.767,2.17,1.053,2.538,3.067,7.174,13.936,10.314,10.343,1.689,2.413,10.449,0.58,-0.682,0.119,5.093,4.4,3.045,0.171,0.156,0.091,0.186,0.185
16,1.42,50.239,23.53,21.776,11.426,13.391,26.107,0.4,-0.206,0.336,34.03,0.2,3.006,3.67,2.369,1.898,1.211,0.969,7.573,12.3,10.095,10.224,0.998,1.107,10.143,0.62,0.112,-0.175,3.01,3.0,3.048,0.055,0.057,0.089,0.072,0.086
17,14.086,228.634,92.739,86.273,47.367,53.256,103.92,0.26,0.414,0.708,132.469,0.2,2.964,15.291,14.328,12.978,7.173,4.186,7.088,15.079,10.19,9.909,1.677,1.84,10.325,0.66,0.28,0.747,5.281,4.4,3.098,0.072,0.296,0.114,0.229,0.285
18,14.324,164.389,63.77,52.918,35.286,43.333,72.71,0.3,0.166,1.01,107.743,0.2,3.061,12.184,6.023,7.197,3.048,3.101,7.026,15.245,10.498,10.047,1.94,2.231,10.673,0.54,0.001,0.648,6.022,2.4,3.083,0.13,0.071,0.139,0.128,0.156
19,9.2,187.381,42.718,31.368,33.543,26.569,54.106,0.44,5.557,2.149,98.809,4.4,3.008,7.453,7.013,1.773,8.909,2.441,4.961,15.472,10.21,10.277,1.879,1.238,10.378,0.56,1.602,-0.293,5.821,2.6,3.057,0.126,0.157,0.142,0.267,0.31
20,8.97,133.736,53.95,48.309,28.397,31.233,60.835,0.34,0.394,0.816,80.904,2.2,2.971,8.39,1.297,2.355,4.763,6.331,3.491,16.724,9.641,9.324,2.877,3.535,10.053,0.74,-0.142,-0.026,8.455,5.0,2.949,0.047,0.162,0.162,0.198,0.087
21,14.57,218.987,62.394,56.322,37.423,50.872,72.563,0.38,4.344,1.579,111.57,0.2,3.053,13.496,7.434,3.795,1.176,3.822,5.953,15.365,10.108,9.988,1.596,1.766,10.231,0.62,1.529,0.466,5.215,2.2,3.125,0.28,0.056,0.179,0.196,0.215
22,8.344,89.877,36.67,30.84,20.542,27.981,41.931,0.34,-0.072,0.827,62.359,0.2,3.053,6.829,2.061,4.96,2.672,2.473,6.814,15.514,10.077,9.739,1.865,1.702,10.245,0.42,1.323,0.974,5.771,2.0,3.07,0.146,0.021,0.26,0.31,0.253
24,4.014,149.507,44.417,33.818,35.473,36.576,56.622,0.36,1.019,1.273,106.54,0.2,3.055,9.648,9.277,2.585,2.547,8.777,5.483,15.649,10.131,10.035,1.822,1.821,10.29,0.58,1.3,0.403,5.406,4.6,3.03,0.131,0.152,0.161,0.058,0.186
25,9.553,104.429,43.156,39.035,19.325,23.18,47.207,0.36,0.794,0.924,62.465,0.4,3.095,3.383,5.251,1.639,2.22,1.46,5.109,16.139,10.062,9.748,2.044,2.712,10.263,0.7,0.443,0.375,6.009,2.2,2.99,0.112,0.201,0.053,0.084,0.098
26,7.202,152.018,56.028,51.53,30.362,33.593,63.581,0.38,0.919,1.094,92.643,2.4,3.064,2.811,2.067,1.805,3.767,2.826,6.216,14.964,10.494,10.399,1.959,2.923,10.671,0.54,-0.528,0.198,6.292,4.8,3.124,0.159,0.168,0.22,0.403,0.179
27,3.88,81.753,39.986,39.472,16.547,21.128,43.211,0.42,-0.235,0.126,51.458,0.6,3.077,2.66,0.636,4.007,2.648,1.298,5.889,14.562,10.053,10.078,1.674,1.804,10.189,0.6,0.218,-0.02,5.022,2.4,3.03,0.082,0.168,0.076,0.174,0.027
28,6.095,197.455,47.561,37.234,35.481,32.251,59.125,0.34,4.934,1.926,110.031,0.4,3.062,3.473,9.701,6.318,9.609,4.488,6.076,14.481,10.073,9.971,1.254,1.25,10.149,0.5,4.716,0.788,3.903,4.0,3.087,0.177,0.076,0.152,0.134,0.054
29,8.221,134.922,45.703,42.167,26.839,26.978,52.865,0.3,2.128,1.299,84.062,0.2,3.071,7.085,6.554,5.658,1.819,2.89,6.407,17.142,10.039,9.874,1.837,1.321,10.202,0.54,4.542,1.418,5.588,4.6,3.018,0.255,0.127,0.047,0.07,0.127
30,10.77,182.836,61.672,53.638,40.876,45.774,73.762,0.3,0.845,1.143,124.72,0.2,3.042,14.137,5.722,8.514,9.775,4.118,5.691,16.25,10.434,10.363,1.53,1.639,10.543,0.38,3.904,0.484,4.505,2.2,3.003,0.088,0.122,0.101,0.033,0.036
31,9.935,119.347,45.188,40.243,22.804,27.182,50.513,0.4,0.895,0.963,67.901,2.6,3.031,4.515,2.656,1.522,1.979,3.428,5.901,16.74,10.148,9.932,2.321,3.422,10.405,0.54,-0.093,0.498,7.343,2.2,3.083,0.143,0.214,0.176,0.181,0.263
32,5.444,204.256,39.01,30.996,35.523,19.037,52.521,0.34,12.673,3.463,104.815,0.4,3.021,9.408,9.553,5.921,9.423,6.28,5.545,14.069,10.007,10.114,1.46,1.522,10.111,0.54,1.537,-0.166,4.414,3.8,3.038,0.049,0.208,0.205,0.1,0.045
34,12.055,103.214,51.383,51.326,22.084,32.493,55.841,0.38,-0.242,0.452,64.736,0.2,3.032,8.859,1.579,2.796,1.426,2.091,6.554,14.561,10.23,10.086,1.948,2.793,10.41,0.64,-0.67,0.096,5.776,4.6,3.014,0.344,0.013,0.145,0.069,0.109
35,1.961,99.701,43.691,40.056,22.246,26.246,48.927,0.4,-0.187,0.564,67.633,1.0,3.049,3.707,4.336,4.299,1.871,6.681,5.721,15.001,10.216,10.313,1.88,2.2,10.384,0.72,0.206,0.01,5.715,4.6,3.04,0.103,0.13,0.123,0.202,0.245
36,10.583,136.807,58.94,50.766,31.96,48.532,66.895,0.36,-0.164,0.77,94.745,0.4,3.029,2.082,10.678,2.649,1.266,7.947,6.67,20.55,10.658,9.815,2.794,2.831,11.011,0.44,1.689,1.2,8.885,3.0,3.091,0.252,0.443,0.211,0.436,0.055
37,13.538,186.414,67.468,59.372,36.858,44.628,76.702,0.26,1.777,1.286,106.723,0.2,3.003,13.067,2.56,8.682,7.207,1.445,6.872,12.645,10.23,10.112,1.327,1.807,10.314,0.5,-0.089,-0.281,4.399,5.0,3.108,0.048,0.221,0.154,0.148,0.127
38,5.689,165.714,66.361,60.085,35.783,41.346,75.223,0.46,0.496,0.895,112.728,2.4,3.113,4.286,2.412,2.748,6.428,5.007,6.334,26.148,10.644,9.675,3.419,2.436,11.169,0.54,7.43,2.395,10.048,4.8,3.021,0.101,0.163,0.336,0.43,0.279
39,6.152,105.242,41.399,35.841,26.505,39.011,49.014,0.24,-0.468,0.708,73.13,0.2,2.916,10.142,8.164,4.742,1.174,5.304,6.293,13.391,10.045,10.038,1.409,1.289,10.141,0.56,0.696,0.092,4.327,2.8,3.064,0.094,0.116,0.144,0.109,0.155
40,7.898,345.774,63.394,41.718,69.151,44.394,93.3,0.18,6.876,2.605,206.631,0.2,3.044,21.361,12.041,19.976,16.411,16.151,7.16,14.883,10.277,10.2,1.532,1.789,10.388,0.5,0.739,0.609,4.813,1.8,3.09,0.167,0.138,0.282,0.077,0.113
41,2.934,181.441,55.674,48.228,38.671,48.474,67.566,0.38,1.467,1.253,116.932,1.2,3.033,6.721,2.545,5.823,6.771,3.409,6.967,15.622,10.187,10.059,1.675,2.214,10.321,0.56,0.861,0.755,5.032,2.4,3.009,0.104,0.073,0.056,0.167,0.176
42,11.005,112.772,45.9,44.366,25.282,24.771,52.28,0.42,0.751,1.131,79.364,0.2,3.071,8.072,5.348,4.073,5.692,3.174,4.406,15.439,10.067,10.113,2.326,2.654,10.327,0.64,0.259,-0.164,7.304,3.4,3.051,0.124,0.12,0.077,0.123,0.073
43,12.857,83.888,42.635,40.006,20.859,35.557,47.373,0.32,-1.184,0.243,65.324,0.4,3.078,4.164,6.773,4.276,2.857,4.006,7.055,13.149,9.856,9.952,1.227,1.099,9.931,0.54,1.176,0.383,3.817,4.2,3.053,0.089,0.084,0.077,0.213,0.111
44,9.156,181.307,72.902,70.154,39.9,56.497,82.915,0.24,0.019,0.611,111.241,0.2,2.985,17.245,1.669,8.836,5.554,3.219,7.931,14.405,10.29,10.138,1.405,1.672,10.384,0.48,0.53,0.662,4.279,2.0,3.007,0.198,0.07,0.187,0.314,0.028
45,8.642,258.93,57.623,43.502,44.423,39.435,72.487,0.26,7.224,2.383,133.539,0.2,3.036,16.289,9.303,8.335,3.313,2.316,6.539,14.963,10.469,10.43,1.869,2.009,10.631,0.56,0.049,0.062,5.296,4.4,2.954,0.161,0.127,0.099,0.019,0.085
46,17.401,112.474,49.045,40.492,24.757,28.909,54.827,0.36,0.316,1.046,72.072,0.2,3.028,10.278,5.346,2.554,0.362,2.921,5.011,14.453,9.873,9.798,1.865,2.675,10.044,0.66,0.045,0.09,5.645,4.8,3.06,0.123,0.187,0.065,0.127,0.07
47,4.204,77.043,39.093,36.432,17.632,29.898,42.812,0.48,-0.768,0.179,58.072,2.2,3.143,3.216,3.155,1.354,2.329,1.618,6.3,14.973,10.113,10.39,1.862,2.345,10.28,0.68,-0.029,0.128,5.854,4.2,3.09,0.192,0.219,0.203,0.241,0.156
48,10.989,218.139,67.748,54.472,51.409,65.063,84.734,0.2,0.731,1.16,147.127,0.2,2.971,16.95,12.779,12.55,9.052,10.707,7.145,16.962,10.6,10.065,2.11,2.322,10.804,0.52,0.839,0.875,6.746,0.8,3.097,0.22,0.25,0.014,0.496,0.268
50,12.967,129.6,52.693,48.955,29.661,43.843,60.322,0.5,-0.016,0.79,97.625,0.8,3.133,5.031,7.09,4.009,7.657,6.089,5.97,15.776,10.106,10.1,2.073,2.043,10.312,0.72,0.958,0.564,6.606,3.8,3.097,0.12,0.155,0.171,0.094,0.254
51,11.895,103.406,37.617,32.794,21.075,21.041,43.015,0.46,1.933,1.453,63.945,0.2,3.056,6.313,4.221,0.803,1.655,3.318,6.177,15.37,10.053,10.018,1.751,1.597,10.202,0.6,1.166,0.41,4.891,4.4,2.953,0.116,0.083,0.131,0.149,0.07
52,3.732,127.028,44.764,35.713,30.241,38.961,53.852,0.36,0.229,1.086,90.689,1.8,3.027,5.635,6.119,4.573,4.061,3.121,5.419,26.495,10.552,10.167,2.888,1.626,10.933,0.54,17.141,3.52,9.145,3.2,3.083,0.565,0.099,0.32,0.237,0.646
53,9.537,152.55,54.197,49.482,30.728,28.26,62.15,0.42,2.254,1.387,96.046,0.4,3.065,4.267,7.784,2.746,6.306,6.103,5.209,13.724,9.958,10.061,2.039,2.792,10.161,0.68,-0.349,-0.48,5.623,4.6,2.907,0.117,0.099,0.127,0.015,0.017
54,8.082,116.557,46.377,43.391,25.92,33.909,53.002,0.4,0.374,0.886,83.632,0.4,3.123,4.645,6.028,3.254,4.759,3.434,5.963,15.601,10.222,10.106,1.516,1.484,10.332,0.5,2.921,0.756,4.97,2.4,3.139,0.132,0.145,0.247,0.17,0.292
55,6.519,84.197,32.101,31.439,15.539,19.99,35.596,0.5,0.929,0.635,49.202,0.8,3.104,0.9,3.807,0.817,3.843,0.842,6.879,13.049,9.928,10.118,1.447,2.038,10.031,0.58,-0.581,-0.253,4.184,4.4,3.003,0.068,0.164,0.103,0.103,0.13
56,15.9,136.184,52.073,51.241,24.495,28.357,57.442,0.5,1.78,1.122,75.372,1.4,3.067,5.001,3.101,3.939,1.934,1.297,6.515,16.591,10.339,10.173,1.877,1.55,10.505,0.5,1.806,0.71,5.987,0.2,3.07,0.514,0.146,0.328,0.301,0.161
57,3.765,103.191,53.584,52.214,23.555,32.621,58.438,0.46,-0.686,0.259,69.284,0.2,3.016,6.837,0.819,0.742,2.64,1.071,6.712,17.095,10.607,9.813,2.567,2.524,10.908,0.58,0.376,1.032,7.396,2.8,2.989,0.145,0.161,0.113,0.141,0.1
58,10.212,145.512,52.919,47.233,29.516,40.739,60.449,0.44,1.243,1.062,97.262,5.0,3.115,6.414,1.659,3.249,5.336,5.534,5.749,22.316,10.532,10.195,2.601,2.005,10.842,0.46,7.281,2.018,8.17,4.4,3.08,0.471,0.287,0.185,0.206,0.351
59,13.271,199.226,55.403,51.557,35.315,33.579,65.512,0.5,4.697,1.832,110.942,1.4,3.092,4.593,3.8,1.86,5.061,5.415,7.034,17.413,10.37,9.802,2.22,2.942,10.6,0.54,0.757,0.949,7.066,2.4,3.093,0.063,0.367,0.218,0.402,0.176
60,5.373,134.209,57.064,52.211,29.179,38.984,63.958,0.4,-0.109,0.453,88.317,0.4,3.058,2.542,8.959,4.262,7.4,4.921,6.316,15.791,10.149,10.435,2.174,2.793,10.375,0.64,-0.197,0.226,6.795,2.2,3.052,0.209,0.056,0.141,0.136,0.065
61,5.314,91.384,32.223,26.291,20.215,25.452,37.932,0.34,0.589,1.018,62.24,0.4,3.077,2.502,6.813,2.162,3.289,4.176,6.052,15.508,9.764,9.749,1.597,1.273,9.891,0.5,3.346,0.713,5.176,1.6,3.119,0.106,0.295,0.254,0.194,0.086
62,14.352,232.896,55.203,46.446,37.076,30.83,66.291,0.32,11.019,3.015,110.075,0.2,3.027,10.361,10.004,10.227,7.003,2.567,6.541,17.382,10.132,10.132,2.078,2.238,10.338,0.68,1.747,0.92,6.622,4.0,3.114,0.317,0.159,0.177,0.205,0.154
63,10.215,187.23,55.776,41.987,41.747,42.08,69.419,0.34,1.273,1.377,132.605,0.2,3.102,11.202,9.669,5.398,5.324,0.912,4.603,16.402,10.25,10.052,1.746,0.943,10.394,0.46,3.651,0.331,5.834,5.0,3.133,0.229,0.044,0.196,0.128,0.121
64,5.65,89.078,32.391,30.709,18.403,24.25,37.163,0.48,1.318,1.07,58.841,0.2,3.091,4.531,4.209,3.49,0.971,2.32,6.356,12.898,10.212,10.24,1.378,1.449,10.303,0.54,0.429,-0.125,4.138,5.0,2.96,0.081,0.119,0.074,0.122,0.157
65,7.729,215.346,71.637,54.861,47.712,61.555,85.807,0.26,0.5,1.056,123.418,0.2,2.898,22.363,10.63,6.048,1.666,5.432,5.468,16.222,10.201,10.058,2.391,2.902,10.472,0.66,-0.161,0.149,7.479,5.0,3.006,0.163,0.285,0.168,0.046,0.202
66,4.632,134.347,42.115,41.221,25.7,42.137,49.203,0.28,1.425,0.851,69.536,0.4,2.928,0.649,9.676,8.694,1.993,4.88,6.731,13.784,9.992,9.821,1.583,1.283,10.114,0.58,0.512,0.533,4.79,3.6,3.053,0.096,0.027,0.084,0.182,0.109
69,7.893,292.117,69.112,54.225,56.982,50.058,89.21,0.32,4.552,2.054,170.054,0.4,3.019,15.696,16.065,9.79,6.745,7.053,6.401,18.984,10.779,10.678,2.173,2.21,10.992,0.48,2.898,1.025,6.882,4.4,3.102,0.349,0.191,0.144,0.235,0.145
70,6.499,112.71,30.727,29.134,18.423,25.983,35.732,0.34,5.946,1.824,56.596,2.2,3.062,4.489,2.126,2.797,2.194,2.224,7.718,12.825,10.147,10.107,1.078,1.516,10.203,0.54,-0.254,0.103,3.461,4.6,3.107,0.072,0.205,0.051,0.074,0.22
71,19.058,115.605,53.835,42.843,25.155,38.869,59.316,0.38,-0.51,0.707,78.07,0.2,3.083,6.556,3.169,2.989,2.102,5.496,7.369,12.973,9.97,9.934,1.216,1.739,10.043,0.5,-0.181,0.305,3.738,3.0,3.047,0.024,0.013,0.218,0.107,0.201
72,6.357,134.481,43.33,42.304,25.936,23.412,50.366,0.44,2.963,1.411,83.19,0.4,3.104,4.171,6.22,4.43,2.871,0.657,5.209,17.914,9.963,10.021,1.843,1.902,10.129,0.58,5.716,1.244,5.589,4.6,3.043,0.091,0.064,0.049,0.231,0.155
73,10.24,159.908,57.175,47.327,33.288,37.069,65.992,0.36,0.997,1.148,95.885,0.8,2.975,6.856,7.174,6.045,11.989,5.338,5.394,15.778,10.175,9.725,2.042,2.089,10.374,0.68,0.48,0.166,6.477,4.8,3.092,0.121,0.092,0.208,0.196,0.176
74,5.076,154.807,53.446,53.28,29.239,35.838,60.78,0.52,1.598,0.949,89.692,1.4,3.055,1.363,5.823,3.442,1.535,3.126,7.318,16.428,10.798,10.486,1.947,2.022,10.968,0.52,0.452,0.604,5.863,3.2,3.052,0.098,0.324,0.075,0.126,0.222
75,14.47,209.714,66.551,58.807,43.809,38.345,79.435,0.28,1.985,1.442,126.062,0.4,2.967,11.15,13.429,11.745,6.497,10.329,5.963,17.43,10.257,9.922,2.493,2.946,10.549,0.48,0.733,0.826,7.685,2.6,3.067,0.208,0.377,0.247,0.111,0.352
76,4.676,305.938,69.135,57.165,53.522,40.052,87.103,0.34,6.807,2.3,159.197,0.4,3.013,13.157,14.659,14.014,9.661,7.137,5.096,14.564,10.314,10.52,1.79,1.402,10.465,0.56,1.465,-0.611,5.522,2.4,3.051,0.062,0.146,0.116,0.096,0.11
77,11.882,462.78,69.02,51.454,70.015,50.101,97.815,0.3,18.239,3.811,221.756,0.6,3.1,17.464,14.964,18.918,15.623,12.149,1.727,19.773,10.234,10.209,2.934,2.659,10.639,0.5,2.383,0.23,9.028,3.8,3.049,0.098,0.202,0.267,0.237,0.153
78,16.339,142.934,57.202,46.052,34.811,45.577,66.781,0.34,-0.061,0.919,101.31,0.8,3.002,1.668,4.173,2.563,13.044,2.359,6.453,16.391,10.428,10.259,2.09,2.105,10.631,0.66,0.863,0.705,6.552,3.8,3.075,0.232,0.256,0.154,0.333,0.155
79,8.748,102.852,44.11,43.405,21.698,28.123,49.062,0.52,0.059,0.593,70.412,0.4,3.127,3.459,4.767,2.524,3.941,4.196,4.339,18.867,9.978,10.01,2.869,2.117,10.374,0.6,1.831,0.807,8.735,4.6,3.066,0.187,0.13,0.143,0.179,0.203
80,6.216,135.974,47.009,39.303,28.494,38.071,54.823,0.38,1.505,1.22,82.254,0.2,3.005,10.986,3.767,1.794,5.372,1.905,7.008,14.961,10.365,10.177,1.692,1.889,10.499,0.6,-0.009,0.413,5.4,2.8,3.093,0.105,0.331,0.362,0.108,0.183
81,17.168,124.949,56.666,54.183,25.35,32.268,61.974,0.42,0.025,0.661,80.976,1.6,3.098,5.307,1.724,5.435,1.522,4.344,6.034,17.962,10.631,10.294,2.235,1.945,10.859,0.5,1.949,0.969,6.659,3.0,3.044,0.233,0.285,0.177,0.216,0.29
82,2.354,73.583,35.776,33.672,16.599,22.443,39.369,0.54,-0.531,0.233,52.051,0.8,3.076,2.319,1.889,0.426,5.309,3.005,6.019,16.263,10.266,9.906,1.951,1.984,10.446,0.5,0.841,0.503,6.306,3.0,3.126,0.059,0.119,0.099,0.363,0.331
83,11.096,117.249,48.77,44.67,28.565,38.425,56.375,0.36,0.097,0.884,87.399,0.6,3.047,6.902,5.743,7.454,1.573,5.769,6.023,15.339,9.92,9.798,1.907,1.673,10.098,0.44,0.581,0.432,5.769,1.8,3.014,0.15,0.165,0.104,0.213,0.135
84,12.187,146.142,60.243,51.793,35.847,49.647,69.918,0.34,-0.568,0.686,110.486,0.4,3.075,6.639,10.507,4.502,6.549,9.432,7.515,18.382,10.164,10.023,1.833,1.798,10.325,0.54,6.647,2.018,5.954,3.6,3.108,0.181,0.21,0.157,0.26,0.102
85,11.657,162.378,49.154,42.547,31.126,41.013,58.014,0.34,2.611,1.396,97.951,1.4,3.095,5.451,4.238,6.858,3.132,6.795,5.953,16.757,10.713,10.53,2.17,2.903,10.926,0.54,0.115,0.541,6.939,2.6,3.106,0.191,0.04,0.309,0.271,0.254
86,10.325,193.016,55.229,42.721,40.599,34.664,68.305,0.28,2.901,1.853,122.973,0.6,3.062,4.569,6.348,12.74,5.194,7.009,4.469,16.039,10.19,9.963,2.02,1.833,10.384,0.54,1.48,0.271,6.506,2.4,3.118,0.17,0.064,0.295,0.145,0.14
87,6.521,138.857,58.313,48.949,32.745,46.229,66.717,0.48,-0.072,0.769,100.979,2.4,3.073,2.569,2.812,2.884,1.084,3.963,6.093,14.838,10.459,10.346,1.867,2.656,10.621,0.5,-0.119,0.046,5.539,4.4,3.027,0.224,0.065,0.185,0.045,0.111
88,7.537,231.511,66.115,56.359,43.398,50.232,78.848,0.42,3.267,1.569,141.991,0.6,3.12,8.092,7.409,9.019,8.207,3.119,5.943,16.699,10.298,10.161,1.998,2.065,10.486,0.54,1.222,0.643,6.445,4.6,3.095,0.127,0.017,0.207,0.265,0.124
90,9.439,111.239,48.235,37.563,28.022,38.242,55.643,0.36,-0.435,0.751,84.207,1.0,3.033,1.278,5.361,2.622,1.66,8.374,6.381,13.957,10.461,10.3,1.763,2.143,10.605,0.56,-0.276,-0.092,5.65,3.4,3.085,0.25,0.203,0.088,0.045,0.148
91,8.344,57.196,28.079,25.988,11.683,16.831,30.368,0.42,-0.607,0.329,36.058,1.4,3.069,2.197,0.743,2.601,1.119,1.711,7.73,12.871,9.98,9.889,0.981,1.157,10.027,0.6,0.527,0.483,3.1,1.4,3.073,0.029,0.034,0.059,0.076,0.141
92,6.132,96.643,43.242,37.512,22.977,40.887,48.86,0.42,-0.922,0.398,67.249,0.6,3.016,3.228,7.124,7.468,2.412,1.395,4.586,14.879,10.156,10.064,2.123,2.793,10.371,0.66,0.091,-0.115,6.605,5.0,3.017,0.132,0.262,0.205,0.061,0.147
93,7.429,180.351,55.3,48.109,29.394,37.369,62.488,0.44,4.608,1.549,91.319,2.0,3.086,3.664,4.15,3.503,7.838,4.834,7.594,13.033,10.158,9.987,1.478,2.365,10.263,0.5,-0.951,0.233,4.74,3.4,3.108,0.248,0.18,0.104,0.296,0.176
94,8.362,129.58,45.01,34.344,31.816,40.107,54.936,0.3,0.089,0.995,95.416,1.0,3.048,6.542,6.265,7.593,7.083,10.206,5.615,16.907,10.12,10.332,2.054,1.855,10.322,0.7,1.379,0.193,5.671,4.8,2.969,0.066,0.035,0.045,0.127,0.233
95,10.739,104.533,50.423,45.826,23.879,36.537,55.689,0.32,-0.673,0.36,67.628,0.2,2.962,8.125,3.317,6.25,5.722,0.973,5.882,14.463,10.086,10.244,1.996,2.536,10.277,0.72,-0.42,0.145,5.867,4.6,2.993,0.019,0.092,0.177,0.166,0.054
96,7.122,122.558,46.401,36.263,30.709,47.584,55.473,0.22,-0.582,0.728,85.249,0.4,2.949,7.439,11.93,8.064,2.563,5.753,7.412,12.696,10.165,10.253,1.18,1.521,10.232,0.48,-0.298,-0.219,3.734,1.8,3.105,0.091,0.14,0.112,0.283,0.108
97,13.446,178.531,66.798,54.629,40.546,47.351,77.93,0.3,-0.02,0.898,116.313,0.2,2.993,17.689,1.428,7.801,5.379,3.671,5.107,18.746,10.088,9.964,2.613,1.976,10.415,0.64,1.885,0.846,7.886,3.6,3.009,0.052,0.146,0.028,0.119,0.207
98,1.735,79.422,26.067,20.87,15.895,17.597,30.448,0.46,1.29,1.221,49.675,1.4,3.083,2.164,1.98,3.005,3.405,0.819,7.337,12.731,10.42,10.223,1.241,1.85,10.492,0.42,-0.456,-0.098,4.104,5.0,3.118,0.164,0.096,0.111,0.22,0.235
99,10.022,108.053,45.103,38.954,25.252,34.142,51.568,0.38,-0.138,0.775,70.769,0.4,2.938,5.643,7.755,4.836,1.927,6.042,6.339,13.937,10.289,10.359,1.672,2.302,10.421,0.5,-0.264,0.214,5.123,4.0,3.045,0.029,0.148,0.15,0.112,0.194
101,7.124,156.25,37.822,28.922,27.575,22.684,46.644,0.24,5.646,2.15,83.146,0.6,3.029,6.885,6.613,7.595,2.704,2.876,7.719,12.805,10.056,9.961,1.009,1.106,10.106,0.52,0.81,0.718,3.195,4.6,3.103,0.154,0.103,0.04,0.081,0.096
102,9.746,206.587,55.866,41.699,44.475,39.897,71.13,0.4,3.412,1.881,142.293,1.2,3.109,0.847,5.265,7.009,6.701,7.831,2.873,15.061,10.427,10.333,2.269,2.209,10.667,0.64,1.29,-0.356,7.121,2.8,3.076,0.164,0.101,0.212,0.181,0.289
103,10.04,135.01,44.672,42.372,27.428,35.618,52.276,0.46,2.157,1.284,84.454,0.2,3.074,9.092,4.893,6.047,5.139,1.781,7.362,15.043,10.154,10.14,1.54,1.528,10.268,0.62,0.941,0.64,4.617,4.2,3.026,0.08,0.069,0.011,0.091,0.174
104,5.154,135.9,32.568,23.587,27.399,28.178,42.384,0.2,5.378,2.191,76.566,0.2,2.973,10.253,8.32,3.86,6.493,2.369,8.042,12.471,10.243,10.044,1.116,1.411,10.302,0.52,-0.638,0.03,3.51,3.6,3.096,0.078,0.244,0.065,0.027,0.171
107,2.657,62.343,25.741,21.655,14.32,19.527,29.386,0.38,-0.403,0.594,44.507,0.4,3.083,2.738,3.741,1.901,1.978,1.089,6.593,11.168,9.74,9.832,0.896,1.028,9.781,0.5,1.673,-0.984,2.878,3.0,3.096,0.055,0.11,0.032,0.095,0.205
109,13.818,100.747,50.803,47.642,21.924,32.771,55.245,0.38,-0.58,0.455,68.441,1.4,3.084,5.685,1.149,2.98,1.652,1.57,7.02,14.024,10.526,10.719,1.755,2.484,10.668,0.58,-0.703,-0.144,5.278,2.6,3.046,0.156,0.213,0.135,0.188,0.122
110,5.433,132.452,57.953,53.509,35.332,51.26,67.69,0.44,-0.723,0.557,107.614,2.0,3.071,3.947,4.742,5.228,4.006,5.231,6.213,15.103,10.36,10.095,1.817,2.45,10.515,0.52,0.456,0.518,5.478,3.2,3.021,0.199,0.118,0.239,0.189,0.102
111,17.398,310.545,97.131,78.387,63.508,58.466,115.702,0.4,1.521,1.362,203.868,0.4,3.088,6.917,15.248,8.673,14.159,15.153,4.208,18.563,10.396,9.802,2.913,2.582,10.788,0.64,0.783,0.793,8.404,4.6,3.011,0.1,0.12,0.086,0.207,0.447
112,6.195,138.096,55.193,54.049,29.343,34.979,62.37,0.4,0.357,0.763,95.776,1.6,3.134,5.912,4.136,3.756,4.283,4.067,6.348,18.411,10.8,10.485,2.555,2.452,11.092,0.48,1.379,1.041,7.852,2.6,3.041,0.366,0.276,0.019,0.154,0.06
113,14.92,77.716,36.074,33.125,14.659,20.166,38.884,0.52,0.081,0.727,47.619,2.4,3.128,3.252,1.135,0.787,2.302,3.101,5.632,14.567,9.954,9.69,1.806,2.807,10.113,0.74,-0.127,0.179,5.397,4.4,3.008,0.06,0.231,0.165,0.113,0.05
114,7.124,87.289,40.401,38.941,21.35,32.847,45.595,0.26,-0.777,0.412,60.383,0.2,2.996,8.149,2.582,7.422,1.773,2.885,6.955,13.66,9.923,9.869,1.195,1.036,9.994,0.52,2.506,0.826,3.74,2.4,3.069,0.159,0.021,0.174,0.082,0.07
115,10.673,103.888,36.864,37.184,18.211,21.902,41.036,0.4,2.675,1.222,53.879,0.4,3.011,1.868,6.714,1.594,4.279,0.799,6.897,15.39,10.075,10.093,1.76,1.901,10.225,0.68,0.715,0.675,5.036,4.2,2.979,0.023,0.091,0.151,0.164,0.109
116,11.682,185.203,72.078,70.438,36.667,58.428,80.702,0.36,0.209,0.607,105.413,2.0,2.996,3.728,6.75,4.729,9.842,2.633,6.587,16.445,10.061,9.691,2.265,2.376,10.308,0.44,0.915,0.999,6.729,0.2,3.015,0.653,0.11,0.295,0.256,0.251
117,16.064,124.111,54.939,54.72,24.313,34.54,59.979,0.38,-0.094,0.578,76.411,0.2,3.095,6.145,5.287,4.453,5.317,1.072,7.73,13.272,10.248,10.231,1.081,1.217,10.304,0.66,0.259,0.172,3.089,4.0,2.98,0.111,0.027,0.059,0.075,0.023
118,8.85,132.906,52.053,51.578,27.645,33.625,58.809,0.38,0.402,0.729,81.797,0.6,3.041,0.946,4.836,10.265,1.064,6.173,5.954,15.235,9.908,9.885,1.855,2.278,10.077,0.68,0.139,0.074,5.481,4.8,2.974,0.12,0.037,0.17,0.087,0.181
119,8.675,162.19,51.319,44.287,33.977,36.64,61.36,0.24,2.006,1.403,92.94,0.2,2.955,12.304,5.391,12.11,5.242,1.574,5.746,14.586,10.086,10.03,1.564,1.528,10.204,0.68,1.45,0.29,4.908,4.0,3.094,0.117,0.09,0.093,0.118,0.116
120,8.88,561.146,77.266,54.996,81.571,47.165,111.762,0.36,23.027,4.38,263.561,0.2,3.135,24.736,11.129,12.469,19.675,13.897,3.459,15.998,10.392,10.244,2.549,1.596,10.694,0.48,0.978,-0.304,8.087,3.6,3.094,0.227,0.214,0.135,0.04,0.194
121,9.854,120.265,45.342,43.691,26.275,30.873,52.273,0.58,1.113,1.215,81.536,1.4,3.073,2.714,5.184,3.188,1.249,4.964,6.095,13.442,10.223,10.242,1.727,1.859,10.365,0.62,-0.162,-0.29,5.324,4.4,3.071,0.07,0.039,0.137,0.136,0.13
122,8.157,69.17,30.662,27.055,15.129,20.988,34.125,0.44,-0.224,0.692,46.577,4.6,3.077,2.865,3.317,1.244,2.864,4.154,6.146,14.251,10.196,10.185,1.576,1.564,10.314,0.6,0.255,-0.005,4.947,5.0,3.049,0.16,0.057,0.184,0.157,0.133
123,11.634,129.546,40.487,33.145,23.67,27.414,46.779,0.38,2.936,1.553,78.413,0.8,3.154,4.611,4.128,4.006,5.744,2.295,5.759,15.416,10.349,10.125,1.675,1.962,10.481,0.6,1.253,0.221,4.874,3.0,3.008,0.11,0.099,0.09,0.107,0.142
124,12.692,144.435,48.238,42.503,25.186,27.289,54.3,0.36,2.709,1.395,70.605,0.4,2.993,6.301,10.105,7.216,1.623,3.732,7.369,19.219,10.382,10.31,1.958,1.9,10.562,0.72,6.467,1.8,5.954,4.4,3.016,0.075,0.284,0.134,0.076,0.213
125,10.294,129.093,55.434,51.638,24.509,31.871,60.512,0.46,0.635,0.769,77.795,2.2,3.096,3.655,3.038,5.718,1.875,1.903,6.344,13.614,10.398,10.252,1.843,2.578,10.557,0.66,-0.699,-0.253,5.55,5.0,2.96,0.11,0.126,0.104,0.021,0.079
128,21.051,136.864,56.83,50.698,24.362,26.487,61.735,0.48,1.243,1.118,75.539,1.2,3.08,6.322,1.267,2.83,2.306,2.963,4.819,17.358,10.221,9.991,2.266,2.425,10.465,0.66,1.267,0.549,6.26,4.2,2.951,0.059,0.169,0.083,0.105,0.091
129,14.145,162.556,56.523,50.262,30.025,36.394,63.862,0.42,2.087,1.271,89.599,1.4,3.049,3.413,1.639,1.737,2.887,3.676,5.918,18.051,10.334,10.07,1.964,2.215,10.515,0.48,3.676,1.269,6.36,2.8,3.126,0.075,0.138,0.2,0.249,0.252
130,6.965,110.903,46.262,38.371,27.605,36.36,53.731,0.4,-0.573,0.694,77.168,0.2,2.968,11.348,2.892,3.548,3.156,3.115,7.418,13.899,10.117,10.193,1.3,1.38,10.199,0.62,1.237,0.422,3.907,4.8,3.028,0.043,0.135,0.215,0.029,0.074
131,8.557,207.272,61.389,52.131,39.383,49.797,72.723,0.38,2.015,1.185,113.862,1.2,2.973,3.11,6.257,10.345,0.418,2.99,5.831,16.658,10.448,10.308,1.944,2.563,10.624,0.54,0.952,0.501,5.973,3.4,3.077,0.114,0.085,0.138,0.245,0.064
132,7.683,89.049,26.989,22.808,15.812,17.589,31.2,0.42,4.087,1.81,50.575,0.8,3.124,3.148,1.851,0.883,4.477,1.4,8.137,12.153,10.044,10.107,1.012,1.514,10.094,0.58,-0.727,0.004,3.257,4.8,3.129,0.11,0.073,0.129,0.055,0.096
133,6.053,89.86,31.996,27.499,16.873,21.634,36.093,0.4,1.267,0.985,52.086,0.4,3.056,1.319,5.785,3.849,2.079,2.489,7.497,13.665,10.111,9.882,1.223,1.493,10.183,0.64,1.113,0.747,3.945,5.0,3.087,0.166,0.102,0.181,0.071,0.026
134,11.295,99.697,49.655,47.485,20.255,24.58,53.551,0.38,-0.096,0.388,61.914,0.2,3.056,5.947,4.696,2.997,2.775,1.456,5.238,18.208,10.211,10.217,2.346,1.629,10.472,0.72,3.145,1.015,6.709,4.4,2.96,0.056,0.13,0.246,0.329,0.042
135,13.056,206.82,48.024,41.072,33.972,33.119,58.629,0.24,7.943,2.385,91.915,0.4,2.922,5.535,12.188,10.175,4.496,9.64,5.554,14.514,10.145,9.997,1.798,2.034,10.3,0.66,0.248,0.06,5.32,4.0,3.021,0.113,0.068,0.2,0.181,0.116
136,5.414,92.395,42.393,39.559,19.215,25.277,46.465,0.5,-0.218,0.295,62.507,0.6,3.112,2.637,3.252,4.285,1.664,3.884,4.991,13.899,10.005,10.09,1.79,2.133,10.161,0.52,0.149,-0.24,5.642,2.8,3.099,0.082,0.12,0.168,0.117,0.225
137,20.562,219.838,55.191,45.28,37.414,32.712,66.467,0.3,6.826,2.416,114.224,0.4,3.031,7.578,12.338,8.87,2.065,6.062,5.704,14.055,10.149,10.14,1.808,2.212,10.305,0.56,-0.365,0.116,5.465,2.4,3.06,0.103,0.174,0.346,0.195,0.167
138,2.655,196.458,38.792,28.978,32.192,30.419,50.203,0.42,9.622,2.581,107.579,0.4,3.135,5.179,6.209,5.342,5.049,5.098,2.27,20.666,10.215,9.947,2.518,1.996,10.515,0.52,6.313,1.11,7.929,3.6,3.088,0.311,0.135,0.34,0.213,0.299
139,4.357,154.503,49.002,39.596,34.447,29.006,59.7,0.38,1.781,1.475,110.118,0.2,3.112,9.032,6.4,2.207,3.035,2.574,5.76,14.93,10.277,10.051,2.165,2.633,10.498,0.6,-0.632,0.133,6.728,3.2,3.064,0.145,0.253,0.203,0.105,0.219
140,3.581,76.798,28.207,23.932,17.815,22.15,33.266,0.32,-0.061,0.79,54.186,0.2,3.055,5.341,1.931,3.474,4.579,3.225,8.845,12.938,10.072,9.889,0.729,0.773,10.098,0.52,4.285,1.68,2.361,5.0,3.075,0.121,0.174,0.095,0.063,0.038
141,0.22,20.265,3.785,1.91,4.679,1.859,5.982,0.06,3.612,2.162,12.23,0.2,2.885,1.775,1.155,1.205,1.35,0.963,9.944,10.329,10.064,10.051,0.074,0.066,10.064,0.58,2.958,1.435,0.247,3.8,3.144,0.012,0.011,0.01,0.011,0.014
143,1.091,121.558,39.904,28.787,31.449,58.933,50.612,0.26,-0.874,0.47,92.962,0.2,3.035,11.907,3.842,9.05,5.502,5.664,9.454,11.081,10.153,10.138,0.299,0.271,10.157,0.5,2.147,0.843,0.987,5.0,3.12,0.03,0.065,0.015,0.019,0.026
144,0.747,72.013,13.438,4.64,19.866,7.843,23.819,0.04,2.244,1.891,40.98,0.2,2.602,9.494,7.026,5.421,3.222,1.21,9.604,10.358,10.109,10.123,0.139,0.168,10.11,0.48,2.158,-1.057,0.442,0.2,3.108,0.038,0.028,0.009,0.015,0.017
145,0.832,77.7,18.535,13.702,16.772,18.782,24.884,0.22,2.333,1.568,45.458,0.6,2.956,1.365,2.164,7.722,2.814,3.495,8.846,11.073,10.125,10.113,0.345,0.309,10.13,0.4,3.092,-0.544,0.972,1.4,2.956,0.067,0.045,0.006,0.1,0.064
146,1.983,67.044,23.98,20.255,17.339,28.487,29.49,0.2,-0.798,0.51,42.315,0.4,2.8,6.655,6.707,3.71,3.653,3.028,9.42,10.884,10.073,10.046,0.279,0.326,10.077,0.42,0.722,0.358,0.834,1.6,3.029,0.017,0.006,0.047,0.027,0.048
147,2.437,159.519,42.327,33.628,34.952,40.214,54.67,0.2,1.96,1.446,89.638,0.2,2.868,15.841,5.249,7.056,2.787,4.571,9.06,12.164,10.266,10.165,0.683,0.564,10.288,0.52,0.576,0.811,2.136,2.0,3.089,0.094,0.05,0.069,0.007,0.06
148,1.34,14.748,4.122,3.308,2.723,2.636,4.926,0.32,4.532,2.044,7.829,0.2,3.0,0.974,0.525,0.705,0.719,0.371,9.663,10.297,9.991,9.999,0.133,0.171,9.992,0.54,0.04,-0.039,0.444,5.0,3.091,0.01,0.018,0.013,0.027,0.018
149,1.475,32.414,11.08,10.347,7.041,9.024,13.09,0.26,1.273,1.085,20.67,0.6,3.035,1.683,0.718,2.633,1.809,0.581,9.56,10.539,10.146,10.156,0.179,0.181,10.148,0.42,1.535,-0.669,0.597,2.8,3.153,0.02,0.015,0.028,0.032,0.034
150,2.233,160.461,43.573,32.73,40.036,37.884,58.902,0.2,0.894,1.321,99.916,0.6,2.865,2.271,7.289,19.856,5.106,4.736,8.127,11.414,10.017,10.022,0.538,0.478,10.031,0.44,2.45,-0.597,1.756,2.8,3.114,0.049,0.078,0.097,0.077,0.098
151,2.652,62.671,24.937,22.544,16.224,22.509,29.662,0.3,-0.406,0.713,43.168,0.2,2.907,6.092,3.257,4.083,5.017,2.265,9.346,11.168,10.084,10.06,0.321,0.351,10.089,0.58,1.602,0.618,1.021,3.0,3.085,0.008,0.025,0.059,0.022,0.019
152,0.572,32.052,7.625,6.856,5.056,4.049,9.121,0.44,9.29,2.488,15.962,2.8,3.088,0.852,0.22,0.621,1.079,0.821,9.739,11.385,10.1,10.065,0.257,0.201,10.103,0.54,10.791,2.64,0.808,3.8,3.094,0.023,0.016,0.024,0.014,0.04
154,0.774,58.166,12.179,6.0,15.059,8.035,19.25,0.06,2.546,1.938,38.404,0.4,2.859,1.597,6.013,3.293,4.356,3.866,9.715,10.736,10.125,10.134,0.174,0.238,10.127,0.62,1.964,0.616,0.547,4.8,3.086,0.024,0.026,0.011,0.014,0.007
155,2.845,130.937,21.992,12.526,25.336,15.06,33.358,0.2,6.653,2.556,72.957,0.4,3.006,4.368,8.284,7.996,3.958,5.618,8.858,14.539,10.164,10.147,0.743,0.362,10.19,0.58,22.569,4.012,2.501,3.0,3.174,0.077,0.059,0.086,0.103,0.118
156,1.47,41.164,11.423,6.388,10.393,14.937,15.373,0.04,1.024,1.368,23.173,0.2,2.719,5.393,2.919,1.132,0.346,0.058,9.179,10.485,9.95,9.939,0.197,0.195,9.952,0.58,3.89,-0.59,0.619,3.8,3.057,0.023,0.023,0.01,0.006,0.016
157,3.787,208.063,33.199,28.539,30.476,24.614,44.86,0.24,19.8,3.903,93.814,0.6,3.085,8.639,4.068,9.785,6.207,4.392,6.127,11.128,10.041,10.08,0.66,0.258,10.062,0.6,23.111,-4.173,2.182,1.2,3.152,0.104,0.118,0.073,0.057,0.115
158,3.048,253.025,77.173,66.921,58.972,93.122,96.766,0.16,-0.161,0.668,143.64,0.2,2.767,25.245,17.802,12.976,9.245,4.74,8.286,11.852,10.034,9.91,0.791,0.789,10.064,0.54,-0.023,0.287,2.531,4.4,3.11,0.079,0.078,0.179,0.181,0.061
160,4.657,133.959,41.165,33.49,31.072,36.553,51.388,0.28,0.662,1.123,84.999,0.6,2.964,3.022,4.09,13.839,2.427,6.725,8.526,12.356,10.16,10.114,0.7,0.691,10.184,0.52,1.7,0.72,2.226,0.4,3.11,0.092,0.169,0.045,0.076,0.026
161,0.456,76.263,15.515,12.558,15.142,12.162,21.574,0.22,4.898,2.075,38.756,0.4,2.851,3.164,6.33,3.136,4.361,2.995,9.689,10.671,10.037,10.018,0.183,0.121,10.039,0.54,2.42,0.972,0.559,0.2,3.066,0.053,0.015,0.037,0.036,0.015
162,3.178,114.833,23.954,12.164,27.757,15.635,36.453,0.08,2.047,1.756,68.789,0.8,2.844,9.627,2.765,9.622,10.013,4.362,8.109,10.821,10.019,10.009,0.384,0.267,10.027,0.58,10.732,-2.26,1.213,4.6,3.092,0.043,0.061,0.06,0.003,0.04
163,0.838,12.711,5.251,4.608,3.121,4.41,6.093,0.34,-0.164,0.766,9.671,1.6,3.09,0.244,0.219,0.219,0.391,0.283,9.666,10.506,10.08,10.049,0.17,0.2,10.081,0.38,0.232,0.314,0.49,2.0,2.984,0.05,0.027,0.005,0.009,0.041
164,1.556,106.24,20.006,8.856,22.341,25.482,29.823,0.12,3.218,1.762,59.811,0.6,2.885,6.343,6.498,6.631,5.856,4.827,9.391,10.868,10.108,10.09,0.261,0.213,10.111,0.64,1.373,-0.002,0.852,5.0,3.063,0.038,0.03,0.033,0.029,0.015
165,1.487,211.651,34.566,10.497,52.94,24.422,62.78,0.16,3.212,2.067,140.989,0.4,2.916,17.128,19.82,15.297,10.511,6.275,7.205,13.571,9.879,9.966,0.802,0.585,9.911,0.36,9.5,1.015,2.704,1.8,3.171,0.143,0.142,0.149,0.106,0.094
166,1.862,41.095,13.322,11.784,9.385,11.076,16.242,0.28,0.771,1.1,26.785,1.0,2.953,0.715,2.271,1.79,1.069,3.698,9.446,10.928,10.133,10.106,0.251,0.241,10.136,0.54,1.517,0.496,0.766,2.4,3.051,0.019,0.034,0.028,0.017,0.011
167,1.5,95.353,20.921,5.462,27.907,29.659,34.654,0.08,0.767,1.463,58.876,0.2,2.695,14.891,9.436,4.786,2.582,1.985,9.447,10.871,10.147,10.153,0.251,0.192,10.15,0.5,1.595,0.07,0.824,4.0,3.142,0.038,0.028,0.01,0.027,0.032
168,2.554,109.411,22.574,15.399,23.716,24.084,32.57,0.16,3.505,1.932,64.378,0.2,2.962,11.087,4.824,2.746,1.057,1.889,9.198,10.783,9.978,9.985,0.321,0.365,9.983,0.56,0.363,0.014,0.993,4.2,3.071,0.025,0.047,0.022,0.077,0.058
170,0.931,37.871,9.92,6.914,8.661,12.444,13.111,0.12,0.681,1.131,19.976,0.2,2.763,4.598,1.302,0.485,0.936,1.281,9.828,10.546,10.144,10.142,0.131,0.124,10.145,0.42,1.403,0.43,0.404,1.0,3.051,0.019,0.015,0.007,0.018,0.032
172,0.456,168.716,28.598,10.17,40.305,28.277,49.09,0.04,2.669,1.863,102.86,0.2,2.942,18.959,14.548,5.564,2.877,4.2,8.523,11.688,10.141,10.081,0.485,0.256,10.152,0.36,3.469,0.372,1.485,2.0,3.014,0.021,0.046,0.005,0.058,0.006
173,3.343,147.613,42.845,36.754,36.815,59.073,56.249,0.12,-0.038,0.854,90.374,0.2,2.887,19.466,6.61,8.957,3.006,4.682,8.119,12.738,10.186,10.148,0.685,0.46,10.208,0.54,3.771,0.548,2.128,4.8,3.051,0.072,0.07,0.017,0.07,0.089
175,3.822,161.668,39.21,28.742,34.1,46.639,51.74,0.28,2.049,1.388,87.605,0.2,2.825,12.351,7.187,6.713,4.308,11.462,8.599,11.646,9.97,9.928,0.568,0.506,9.986,0.62,1.364,0.543,1.735,4.4,3.056,0.078,0.097,0.042,0.106,0.024
176,0.559,51.743,9.764,4.883,11.923,9.688,15.318,0.22,3.507,1.994,29.215,0.2,2.812,5.259,3.445,3.035,2.141,2.398,9.561,10.762,10.019,10.014,0.202,0.166,10.021,0.56,3.259,0.928,0.648,5.0,3.072,0.009,0.014,0.003,0.015,0.009
177,1.987,38.856,15.69,13.758,9.641,13.547,18.365,0.42,-0.374,0.752,29.053,0.4,3.066,0.935,3.69,1.177,0.911,1.19,9.489,11.106,10.211,10.234,0.356,0.566,10.218,0.42,-0.187,0.045,1.152,0.8,3.106,0.012,0.047,0.031,0.102,0.068
178,0.684,124.507,25.719,18.115,27.27,29.883,37.286,0.16,2.86,1.727,65.433,0.2,2.806,11.654,10.309,5.894,1.686,3.644,9.134,10.68,10.097,10.116,0.295,0.292,10.102,0.54,1.593,-0.872,0.913,3.8,3.069,0.044,0.03,0.009,0.052,0.056
179,3.202,93.793,21.189,16.318,16.36,14.501,26.67,0.18,6.047,2.121,50.86,1.0,3.068,3.203,0.998,4.083,3.704,4.541,8.824,10.804,10.074,10.124,0.372,0.232,10.081,0.36,3.302,-1.152,1.218,1.6,3.133,0.038,0.034,0.055,0.063,0.074
180,2.968,73.337,26.368,23.51,17.569,22.331,31.588,0.28,-0.095,0.752,45.546,0.2,2.851,6.244,3.917,4.871,0.701,4.133,8.831,11.229,10.085,10.1,0.432,0.413,10.094,0.62,0.947,-0.214,1.353,4.6,3.075,0.016,0.024,0.007,0.038,0.053
181,1.08,66.059,9.911,4.679,14.261,5.49,17.249,0.06,5.725,2.554,30.794,0.2,2.575,5.646,5.097,3.884,3.035,2.486,9.664,10.55,10.137,10.111,0.172,0.217,10.139,0.32,0.174,0.055,0.565,0.4,3.144,0.021,0.043,0.025,0.029,0.031
182,1.856,79.883,18.893,12.236,18.246,17.736,26.139,0.1,2.858,1.804,48.301,0.6,2.909,2.224,4.092,6.574,3.483,6.492,9.018,11.319,10.202,10.131,0.391,0.339,10.21,0.62,2.715,0.564,1.233,3.6,3.098,0.049,0.026,0.031,0.044,0.062
183,1.746,57.915,20.98,16.689,14.997,25.358,25.702,0.2,-0.713,0.571,39.059,0.2,2.903,6.753,2.685,4.252,1.457,1.141,9.54,11.231,10.152,10.134,0.285,0.324,10.156,0.5,2.691,0.908,0.907,4.6,3.064,0.054,0.044,0.042,0.009,0.019
185,0.671,111.953,37.313,32.554,26.318,37.319,45.508,0.24,-0.21,0.692,67.085,0.4,2.902,9.562,10.907,5.831,1.439,2.07,9.596,11.242,10.133,10.053,0.361,0.428,10.14,0.48,1.384,1.095,1.118,2.4,3.068,0.083,0.016,0.061,0.018,0.03
186,1.619,48.329,11.034,4.885,12.113,11.232,16.295,0.14,1.128,1.487,27.798,0.2,2.726,5.283,4.704,2.343,1.273,0.721,9.563,10.305,9.99,10.006,0.14,0.135,9.991,0.6,1.763,-0.944,0.47,3.6,3.156,0.009,0.015,0.021,0.006,0.026
187,0.809,67.535,17.876,14.752,12.784,11.571,21.903,0.2,3.24,1.613,35.953,0.2,2.966,4.569,3.171,2.568,0.783,3.441,8.93,12.177,10.125,10.095,0.487,0.377,10.137,0.6,5.277,1.32,1.588,5.0,3.079,0.035,0.05,0.054,0.008,0.052
188,1.405,118.625,15.77,5.922,26.897,9.446,30.947,0.12,5.893,2.633,63.504,0.2,2.73,11.135,7.818,6.454,6.088,5.509,9.471,11.248,10.132,10.112,0.235,0.134,10.135,0.42,9.658,1.843,0.781,4.8,3.14,0.026,0.037,0.04,0.032,0.037
189,0.981,95.956,27.199,17.605,24.967,20.262,36.751,0.2,1.234,1.518,60.55,0.8,2.805,8.089,3.413,6.659,9.756,6.935,9.517,11.23,10.19,10.19,0.299,0.331,10.194,0.46,2.164,0.852,0.947,0.8,3.075,0.03,0.052,0.026,0.087,0.016
191,1.85,130.712,33.586,23.626,30.306,30.962,45.034,0.18,1.38,1.443,77.428,0.2,2.864,13.547,8.587,4.464,4.104,1.541,8.718,11.29,10.127,10.153,0.459,0.39,10.137,0.48,1.415,-0.478,1.498,0.8,3.126,0.1,0.056,0.047,0.112,0.053
192,2.034,99.249,23.822,18.037,22.607,28.769,32.685,0.26,1.7,1.407,63.858,0.8,2.967,6.755,4.022,2.441,6.827,4.416,9.343,11.446,10.12,10.134,0.338,0.338,10.126,0.62,3.896,0.971,1.107,3.2,3.124,0.015,0.036,0.041,0.019,0.045
193,1.022,74.7,24.288,15.878,21.624,35.042,32.375,0.18,-0.574,0.876,54.667,0.2,2.881,9.659,1.717,3.436,7.279,2.185,9.367,11.019,10.082,10.052,0.346,0.438,10.088,0.42,0.093,0.427,1.083,1.4,3.082,0.036,0.033,0.056,0.011,0.01
194,5.385,74.892,25.558,21.311,16.023,13.427,30.08,0.3,1.462,1.451,44.919,0.2,2.977,6.67,4.318,1.981,1.582,2.001,9.332,11.948,10.011,9.992,0.415,0.422,10.02,0.56,7.858,2.01,1.396,3.0,3.163,0.033,0.063,0.083,0.067,0.06
195,1.544,86.366,15.14,6.838,20.799,11.619,25.557,0.16,3.956,2.214,46.592,0.4,2.693,6.109,9.485,4.806,5.447,3.005,9.478,10.881,10.052,10.043,0.195,0.131,10.053,0.58,6.257,0.859,0.626,4.6,3.088,0.019,0.009,0.014,0.017,0.02
196,3.055,52.029,13.762,9.492,10.434,11.014,17.207,0.2,2.292,1.603,31.37,0.6,3.059,0.893,2.751,3.834,1.611,1.883,8.942,10.835,10.119,10.146,0.305,0.276,10.124,0.48,3.582,-1.036,1.008,3.4,3.131,0.033,0.011,0.026,0.056,0.026
197,1.701,209.244,34.357,20.97,43.618,31.564,55.18,0.16,6.963,2.617,120.809,0.2,2.949,15.592,4.42,7.038,7.669,10.272,8.859,11.25,10.055,10.123,0.401,0.292,10.063,0.6,2.403,-0.474,1.3,3.0,3.105,0.065,0.026,0.051,0.012,0.044
198,0.228,100.799,10.082,5.341,18.585,6.864,20.98,0.16,15.408,3.95,55.061,0.2,3.023,5.233,4.602,4.59,4.122,3.625,9.518,10.546,10.088,10.097,0.158,0.121,10.09,0.6,3.532,-0.389,0.483,1.8,3.045,0.008,0.005,0.006,0.023,0.035
199,0.703,12.693,4.908,4.033,2.959,3.216,5.716,0.36,0.449,1.024,8.733,1.6,3.006,0.203,0.195,0.483,0.593,0.488,9.749,10.308,10.076,10.069,0.124,0.159,10.077,0.48,-0.054,-0.296,0.416,0.2,3.166,0.03,0.017,0.023,0.014,0.021
200,0.371,16.801,5.186,3.765,4.634,5.897,6.924,0.14,-0.298,1.035,11.942,0.4,2.879,0.509,1.814,1.625,1.106,0.713,9.867,10.348,10.097,10.091,0.087,0.11,10.097,0.58,0.562,0.211,0.263,3.8,3.052,0.012,0.003,0.018,0.008,0.005
201,0.48,23.227,6.161,4.991,4.319,4.098,7.499,0.34,6.008,2.15,13.511,0.2,3.067,1.107,1.094,0.941,0.377,0.463,9.449,10.316,9.983,9.966,0.177,0.24,9.985,0.64,0.214,-0.336,0.511,3.0,2.984,0.014,0.002,0.008,0.026,0.019
202,1.147,28.356,6.767,5.083,5.521,5.138,8.699,0.22,4.501,2.043,15.984,0.6,2.999,0.982,1.064,2.126,0.989,0.988,9.658,10.371,10.092,10.096,0.131,0.163,10.093,0.52,1.074,-0.364,0.412,4.2,3.089,0.014,0.004,0.02,0.004,0.013
203,1.547,57.379,13.425,7.619,13.731,9.229,19.105,0.2,3.424,2.04,33.436,0.2,2.779,5.258,3.674,4.57,3.18,2.373,9.008,10.815,9.957,9.984,0.3,0.278,9.961,0.52,1.998,-0.402,0.942,1.4,3.092,0.013,0.02,0.031,0.014,0.063
204,0.864,29.095,9.971,7.193,7.99,10.461,12.727,0.2,-0.091,0.998,21.126,0.4,2.931,2.32,3.049,2.708,1.052,0.722,9.624,10.475,10.081,10.072,0.176,0.19,10.082,0.62,0.415,0.055,0.559,2.6,3.088,0.009,0.016,0.041,0.029,0.021
205,0.737,82.669,22.157,10.774,24.445,37.851,32.811,0.1,-0.29,1.032,54.374,0.2,2.704,11.337,2.105,7.939,6.655,4.67,9.184,10.555,9.858,9.851,0.22,0.191,9.86,0.4,2.236,-0.049,0.678,2.6,3.066,0.031,0.013,0.007,0.012,0.018
206,2.187,55.044,17.316,13.107,12.391,15.174,21.22,0.26,1.381,1.327,37.151,0.2,3.048,4.066,1.765,0.999,2.771,1.143,8.966,10.877,9.914,9.892,0.348,0.371,9.92,0.44,1.288,0.097,1.08,0.2,3.075,0.1,0.052,0.059,0.03,0.037
207,1.046,106.947,14.632,5.687,24.556,9.843,28.373,0.12,6.559,2.746,56.146,0.2,2.651,9.861,7.434,6.812,5.497,4.516,9.687,10.456,10.093,10.137,0.191,0.228,10.095,0.52,-0.416,-0.571,0.581,0.2,3.045,0.058,0.002,0.015,0.016,0.013
208,2.867,131.192,26.74,16.182,30.917,25.581,40.642,0.06,3.879,2.104,73.705,0.4,2.769,5.037,14.01,8.411,7.685,5.921,9.222,11.301,10.099,10.082,0.339,0.342,10.104,0.5,2.813,0.337,1.09,1.2,3.114,0.026,0.027,0.048,0.058,0.054
209,0.404,108.856,15.952,3.827,27.836,6.838,31.841,0.06,3.653,2.179,61.195,0.2,2.667,11.308,10.599,8.323,5.171,3.922,9.382,10.498,9.823,9.806,0.188,0.143,9.824,0.56,3.238,1.205,0.629,4.0,3.163,0.021,0.013,0.018,0.032,0.034
210,1.709,35.543,7.6,6.507,5.637,6.723,9.429,0.28,10.193,2.617,16.908,0.2,3.04,1.873,0.536,0.229,1.251,1.375,9.209,10.684,10.055,10.019,0.23,0.21,10.057,0.54,3.409,-0.145,0.732,1.0,3.09,0.011,0.033,0.032,0.034,0.055
211,0.816,100.978,23.917,14.903,22.879,21.362,32.939,0.14,1.931,1.567,61.152,0.4,2.95,9.069,9.311,2.641,1.712,1.359,8.75,11.328,10.122,10.14,0.44,0.514,10.131,0.52,1.368,-0.492,1.397,2.4,3.113,0.035,0.036,0.113,0.038,0.068
212,1.355,74.278,22.955,16.393,21.22,31.822,31.116,0.08,-0.309,0.881,41.439,0.4,2.505,5.361,9.689,8.61,1.386,1.526,9.686,11.078,10.022,9.986,0.211,0.186,10.024,0.48,10.807,2.432,0.668,1.8,3.096,0.028,0.042,0.024,0.025,0.013
213,0.873,70.013,12.729,4.908,17.523,4.442,21.516,0.02,2.227,1.877,34.896,0.2,2.541,8.163,6.514,4.903,2.799,1.242,9.581,10.4,10.041,10.026,0.16,0.18,10.042,0.46,0.577,-0.062,0.479,2.0,3.041,0.021,0.017,0.027,0.014,0.019
214,0.39,19.971,3.317,2.382,3.399,2.272,4.725,0.24,10.156,2.853,9.856,0.4,3.014,0.307,1.199,0.362,1.065,0.371,9.809,10.453,10.044,10.049,0.106,0.124,10.045,0.66,2.902,0.932,0.317,4.2,2.998,0.006,0.009,0.004,0.013,0.005
215,0.414,19.784,4.254,3.034,3.923,2.083,5.76,0.26,6.814,2.611,11.362,0.2,3.021,1.576,0.983,0.797,0.572,0.38,9.583,10.827,10.192,10.183,0.18,0.141,10.193,0.5,5.874,0.806,0.508,2.2,2.943,0.006,0.014,0.01,0.011,0.021
216,2.337,76.925,24.305,21.192,18.13,23.348,30.213,0.34,1.049,1.184,56.163,0.4,3.072,3.58,4.713,3.639,2.568,3.713,8.961,11.126,10.012,10.025,0.43,0.494,10.021,0.68,0.392,0.035,1.38,3.0,3.072,0.034,0.022,0.025,0.026,0.002
217,1.233,65.03,14.374,7.796,15.502,14.075,21.026,0.06,2.55,1.758,37.11,0.2,2.817,7.805,3.828,3.564,2.551,0.582,9.547,10.6,10.043,10.01,0.179,0.16,10.044,0.52,1.847,0.651,0.581,1.8,3.137,0.019,0.016,0.017,0.033,0.012
218,1.009,55.546,10.727,5.215,13.047,7.119,16.789,0.12,4.266,2.237,30.241,0.2,2.706,5.038,4.922,3.435,2.64,2.316,9.565,10.386,10.007,10.007,0.146,0.15,10.008,0.58,1.246,-0.225,0.462,1.2,3.104,0.023,0.005,0.016,0.006,0.026
219,1.949,141.982,23.236,9.829,30.557,23.055,38.144,0.12,5.003,2.263,65.869,0.2,2.61,13.728,10.99,7.347,2.939,5.093,9.439,10.458,9.999,9.973,0.22,0.281,10.002,0.6,-0.009,0.16,0.68,1.2,3.057,0.038,0.011,0.001,0.021,0.028
220,1.226,37.547,10.231,7.305,8.535,9.048,13.269,0.16,1.605,1.498,19.56,0.2,2.74,3.988,1.577,2.48,2.245,1.528,9.481,10.594,10.135,10.146,0.184,0.167,10.137,0.48,2.454,-0.886,0.588,2.8,3.097,0.005,0.011,0.018,0.025,0.014
221,0.783,144.046,24.313,11.881,28.952,29.468,37.584,0.04,4.592,2.041,66.825,0.2,2.769,14.681,7.749,3.378,4.682,5.344,9.606,11.319,10.139,10.077,0.325,0.293,10.144,0.44,2.073,1.177,1.033,1.0,3.096,0.064,0.046,0.031,0.054,0.078
222,1.913,32.61,11.878,11.585,6.053,7.935,13.304,0.28,1.055,0.683,16.939,0.6,2.965,1.438,0.143,2.316,0.687,0.088,9.476,10.686,10.086,10.124,0.245,0.36,10.089,0.44,-0.252,-0.092,0.735,1.8,3.052,0.004,0.042,0.034,0.029,0.017
223,1.605,61.629,17.38,11.631,15.589,21.529,23.243,0.2,0.286,1.077,43.074,0.2,2.967,6.592,2.403,2.155,3.054,1.145,9.322,10.536,9.89,9.871,0.218,0.157,9.892,0.54,1.806,0.726,0.662,4.0,3.021,0.046,0.011,0.048,0.043,0.028
224,1.549,99.435,25.857,18.597,21.951,22.308,33.776,0.22,2.695,1.629,65.453,1.0,3.026,4.997,4.11,2.914,2.616,6.244,9.101,10.876,10.1,10.105,0.39,0.425,10.108,0.56,0.2,-0.261,1.213,0.4,3.08,0.035,0.111,0.102,0.032,0.051
225,4.872,155.649,50.845,40.938,40.182,58.868,64.556,0.22,0.023,0.909,100.664,0.2,2.88,19.241,11.351,2.915,5.265,9.101,8.235,13.421,10.066,10.095,0.788,0.795,10.097,0.44,5.176,1.15,2.465,0.8,3.093,0.066,0.105,0.039,0.21,0.202
226,3.127,135.667,41.914,36.565,33.545,46.818,53.475,0.2,0.516,1.043,87.217,0.4,2.904,4.54,14.891,8.978,9.507,2.015,8.972,11.42,10.142,10.117,0.492,0.521,10.154,0.48,0.728,0.439,1.477,2.0,3.036,0.059,0.037,0.052,0.115,0.046
227,0.503,67.388,12.375,4.603,17.559,14.024,21.338,0.06,3.404,2.103,44.125,0.2,2.843,7.842,2.926,1.717,3.989,4.614,8.896,10.639,10.037,10.048,0.263,0.15,10.04,0.52,6.969,-1.587,0.826,1.4,3.097,0.027,0.014,0.036,0.027,0.014
228,1.397,146.079,32.656,13.314,38.835,39.509,50.442,0.18,0.984,1.444,91.401,0.6,2.767,12.549,9.665,16.19,11.087,2.124,9.437,11.25,10.103,10.104,0.314,0.332,10.108,0.44,2.561,0.974,0.995,0.2,3.094,0.079,0.03,0.032,0.012,0.061
230,0.305,83.042,15.86,8.118,18.97,18.19,24.58,0.16,2.706,1.78,43.927,0.2,2.721,8.585,3.041,3.907,4.558,5.536,9.324,11.19,10.134,10.116,0.258,0.15,10.138,0.48,5.719,0.913,0.798,0.8,3.072,0.054,0.038,0.03,0.06,0.042
231,1.007,188.226,29.325,12.85,37.49,30.573,47.3,0.18,5.165,2.13,100.925,0.2,2.98,18.621,8.181,6.25,3.651,4.773,5.759,13.129,9.92,9.876,0.917,0.354,9.962,0.44,9.82,-1.21,2.936,5.0,3.061,0.057,0.075,0.053,0.05,0.088
232,6.404,90.122,40.566,41.158,20.95,26.419,45.56,0.24,-0.424,0.395,60.258,0.4,2.992,5.931,5.956,3.428,5.617,3.669,8.803,11.522,10.068,10.015,0.499,0.56,10.08,0.46,0.632,0.386,1.553,5.0,2.992,0.062,0.044,0.034,0.043,0.014
233,3.097,95.638,36.211,32.323,24.953,33.722,43.834,0.34,-0.188,0.782,73.692,0.4,3.017,6.351,6.823,2.554,3.012,3.538,8.318,11.306,10.122,10.179,0.613,0.553,10.141,0.52,1.288,-0.885,1.876,4.6,3.074,0.032,0.068,0.039,0.075,0.021
236,6.482,66.53,23.196,18.903,15.96,19.821,28.065,0.26,0.66,1.224,44.768,0.4,2.964,4.341,5.17,4.406,2.112,2.844,9.662,11.061,10.249,10.282,0.292,0.32,10.253,0.34,0.697,0.149,0.861,1.2,3.023,0.054,0.011,0.028,0.028,0.035
237,1.28,25.565,9.992,9.666,5.042,5.698,11.169,0.36,0.648,0.886,15.901,0.8,3.055,0.212,1.021,0.95,1.571,0.533,9.675,10.615,10.112,10.143,0.214,0.278,10.114,0.52,-0.331,0.07,0.669,1.2,3.084,0.028,0.031,0.027,0.039,0.024
238,1.826,106.779,29.868,26.67,25.747,31.027,39.265,0.34,1.86,1.45,69.265,0.4,2.944,7.385,11.343,4.709,0.289,1.801,8.563,12.094,10.123,10.179,0.553,0.403,10.138,0.62,3.396,0.156,1.764,5.0,3.057,0.012,0.054,0.039,0.053,0.031
239,0.66,25.781,7.44,4.096,6.87,8.742,10.08,0.28,0.105,1.091,18.441,0.4,2.938,0.596,2.97,1.773,1.484,1.321,8.879,10.926,9.949,9.977,0.406,0.171,9.957,0.48,1.485,-0.216,1.269,3.4,3.077,0.057,0.011,0.082,0.057,0.023
240,0.631,9.95,3.386,2.468,2.446,2.977,4.163,0.42,0.984,1.321,7.478,0.2,3.062,0.687,0.677,0.515,0.258,0.523,9.789,10.197,10.025,10.02,0.085,0.086,10.026,0.42,0.511,-0.253,0.255,1.8,3.043,0.01,0.003,0.014,0.002,0.013
241,0.721,20.156,3.858,3.491,3.362,2.681,5.095,0.28,11.221,3.06,9.396,0.2,2.967,1.283,0.826,0.957,0.368,0.35,9.981,10.384,10.125,10.119,0.075,0.097,10.126,0.48,1.478,0.925,0.236,0.6,3.105,0.012,0.003,0.021,0.009,0.01
242,0.797,66.55,13.744,10.317,15.308,11.494,20.458,0.16,3.812,2.06,40.028,0.4,2.911,5.167,5.905,3.869,2.031,3.452,9.532,11.099,10.132,10.071,0.254,0.221,10.135,0.58,3.445,1.281,0.823,4.4,3.094,0.024,0.041,0.04,0.02,0.018
243,0.886,43.824,9.389,5.241,10.259,6.149,13.831,0.2,2.989,1.981,26.446,0.4,2.862,3.074,3.65,2.777,2.284,2.489,9.296,10.634,9.789,9.766,0.235,0.201,9.792,0.56,2.678,1.084,0.76,5.0,3.069,0.045,0.052,0.026,0.014,0.042
244,1.136,79.025,18.41,6.138,23.395,21.309,29.586,0.06,0.408,1.367,47.728,0.2,2.637,12.364,8.325,4.129,0.691,0.991,8.906,10.435,9.974,10.008,0.216,0.115,9.976,0.46,11.686,-2.754,0.707,0.6,3.146,0.029,0.022,0.054,0.045,0.031
245,4.956,71.391,17.896,11.13,15.409,11.571,23.515,0.24,2.797,1.891,36.786,0.2,2.754,5.397,5.377,4.274,1.83,4.515,9.555,10.797,10.1,10.116,0.24,0.301,10.103,0.56,0.367,0.18,0.717,4.0,3.041,0.031,0.024,0.042,0.026,0.014
246,1.065,9.664,4.376,3.681,2.309,3.452,4.938,0.32,-0.476,0.723,6.685,1.6,2.978,0.43,0.445,0.344,0.333,0.105,9.862,10.267,10.033,10.025,0.096,0.138,10.034,0.54,-0.254,0.272,0.288,1.4,3.061,0.01,0.019,0.01,0.01,0.009
247,0.575,37.318,5.624,3.161,7.652,2.274,9.435,0.12,7.687,2.861,21.009,0.2,2.952,2.607,2.281,2.271,1.699,1.34,9.84,11.285,10.155,10.14,0.2,0.117,10.157,0.46,18.643,3.583,0.672,0.2,3.149,0.044,0.021,0.026,0.017,0.028
248,0.266,21.678,7.268,5.907,4.635,6.968,8.595,0.22,0.472,0.942,13.183,0.4,2.977,0.528,1.639,0.618,0.977,0.95,9.804,10.397,10.153,10.154,0.124,0.157,10.154,0.52,0.451,-0.584,0.394,3.8,3.104,0.023,0.013,0.01,0.018,0.017
249,1.179,80.538,22.783,11.645,25.914,25.051,34.31,0.14,-0.18,1.142,52.924,0.2,2.617,13.434,8.567,6.336,0.589,1.391,9.292,10.713,10.098,10.097,0.251,0.213,10.101,0.58,2.048,-0.539,0.772,4.4,3.063,0.033,0.026,0.03,0.026,0.024
250,2.665,85.664,19.667,15.202,17.093,13.395,25.945,0.32,3.854,1.954,50.05,0.2,3.011,5.305,1.611,4.572,4.258,3.795,8.059,11.63,10.066,10.035,0.501,0.407,10.078,0.44,5.33,-0.302,1.578,0.4,3.087,0.045,0.144,0.051,0.002,0.036
251,0.682,11.466,4.513,3.818,2.671,3.583,5.23,0.26,-0.273,0.822,8.05,1.6,3.042,0.345,0.133,0.434,0.384,0.402,9.863,10.295,10.09,10.091,0.101,0.137,10.091,0.3,-0.566,-0.128,0.295,1.0,3.013,0.023,0.012,0.026,0.012,0.038
252,0.279,102.173,26.495,11.748,29.805,35.954,39.655,0.1,0.77,1.343,67.254,0.4,2.687,7.846,12.149,7.788,9.717,1.748,8.772,10.824,10.062,10.098,0.325,0.309,10.067,0.52,4.108,-1.226,1.051,5.0,3.084,0.035,0.038,0.05,0.021,0.049
253,1.649,154.217,22.355,9.816,31.308,19.683,38.214,0.12,7.189,2.71,72.586,0.4,2.684,8.911,12.83,8.952,7.267,5.193,9.181,11.333,10.206,10.174,0.419,0.423,10.214,0.62,0.714,0.195,1.268,4.4,3.013,0.065,0.061,0.006,0.026,0.04
254,2.851,82.778,24.786,15.832,20.21,28.272,31.853,0.18,0.342,1.136,56.838,0.6,2.98,0.535,2.294,8.224,5.709,1.243,8.068,12.065,9.95,9.994,0.623,0.66,9.969,0.36,2.396,0.303,2.004,5.0,3.055,0.1,0.048,0.068,0.111,0.013
255,2.815,83.195,30.153,24.19,21.347,33.56,36.82,0.26,-0.237,0.779,55.256,0.6,2.901,3.467,3.145,10.299,0.758,2.409,9.3,10.956,10.07,10.084,0.322,0.398,10.075,0.48,0.251,0.235,0.985,0.4,3.05,0.021,0.091,0.022,0.028,0.023
256,0.591,9.276,3.851,3.961,1.939,2.276,4.302,0.38,0.287,0.583,5.615,1.6,2.993,0.303,0.267,0.345,0.5,0.1,9.967,10.371,10.132,10.126,0.091,0.108,10.132,0.52,0.033,0.397,0.272,0.4,3.009,0.001,0.026,0.004,0.009,0.009
257,1.159,151.599,26.829,15.58,32.214,28.243,41.675,0.2,3.777,1.98,85.154,0.2,2.921,15.026,3.716,2.778,5.027,4.725,8.277,12.021,10.133,10.13,0.451,0.316,10.143,0.52,9.631,0.02,1.529,5.0,3.138,0.043,0.005,0.04,0.062,0.087
258,1.745,100.899,29.08,24.251,23.513,31.023,37.248,0.26,0.954,1.154,60.982,0.8,2.883,6.523,2.199,4.91,9.427,1.819,8.965,11.09,10.047,10.073,0.42,0.457,10.056,0.48,0.443,-0.523,1.291,1.6,3.057,0.043,0.017,0.037,0.082,0.018
259,0.991,101.834,24.232,13.703,24.01,28.414,33.944,0.22,1.642,1.508,65.309,0.2,2.952,9.584,4.607,2.669,7.012,6.166,9.011,11.521,10.095,10.093,0.454,0.459,10.105,0.58,1.539,0.683,1.378,3.0,3.035,0.016,0.051,0.015,0.04,0.09
260,0.714,77.296,16.081,7.836,16.9,13.98,23.206,0.2,2.765,1.763,40.596,0.4,2.813,5.751,7.572,4.109,2.241,2.607,9.357,11.036,10.095,10.12,0.3,0.284,10.099,0.48,2.243,0.5,0.958,2.8,3.091,0.03,0.033,0.064,0.019,0.022
262,2.504,59.004,21.505,16.477,14.627,18.166,25.926,0.22,-0.104,0.897,42.953,0.2,3.019,5.133,3.159,3.425,2.854,2.219,9.109,11.435,10.105,10.07,0.405,0.457,10.113,0.56,1.565,0.74,1.18,4.0,3.0,0.026,0.072,0.009,0.008,0.04
263,1.625,97.959,12.123,7.395,16.377,5.844,20.244,0.16,15.274,3.72,50.662,0.6,3.075,3.666,4.294,4.625,2.931,3.988,9.497,10.857,10.054,10.023,0.28,0.2,10.058,0.54,2.006,1.168,0.845,2.6,3.052,0.027,0.033,0.052,0.009,0.033
264,2.05,221.564,54.973,36.62,48.422,52.242,72.937,0.28,2.619,1.665,148.992,0.2,3.076,17.274,8.844,4.221,8.503,6.463,7.94,15.058,10.073,9.86,1.163,0.748,10.139,0.46,6.568,1.93,3.594,2.8,3.068,0.121,0.104,0.096,0.081,0.224
265,2.723,101.711,31.609,27.047,24.238,31.286,39.684,0.32,1.172,1.156,64.275,0.6,2.885,5.652,5.973,8.436,3.299,7.607,8.858,11.384,10.187,10.184,0.454,0.36,10.197,0.48,1.666,-0.099,1.397,2.4,3.062,0.014,0.03,0.053,0.048,0.04
266,0.939,91.276,6.569,2.639,13.838,2.5,15.192,0.02,26.552,4.91,44.285,0.2,3.128,4.06,3.592,2.917,2.011,1.211,9.7,11.156,10.151,10.117,0.213,0.117,10.153,0.46,11.457,2.946,0.629,1.6,2.991,0.04,0.032,0.039,0.047,0.04
267,2.602,154.925,37.943,27.976,34.819,49.121,51.262,0.24,1.254,1.225,97.7,0.2,3.012,15.276,4.703,9.726,5.722,6.672,9.225,11.728,10.198,10.207,0.478,0.351,10.209,0.44,1.909,0.811,1.596,5.0,3.122,0.042,0.034,0.091,0.058,0.089
268,0.684,118.725,17.73,5.645,25.829,14.881,31.115,0.1,3.802,2.083,64.982,0.2,2.846,11.305,6.855,1.768,3.077,5.632,9.556,10.713,10.07,10.086,0.206,0.172,10.072,0.46,1.39,0.184,0.663,2.2,3.091,0.025,0.021,0.011,0.008,0.021
269,1.292,48.635,9.522,6.017,10.454,4.552,14.063,0.1,5.511,2.442,25.024,0.4,2.72,3.339,3.623,3.194,2.77,1.715,9.571,10.505,10.122,10.116,0.162,0.199,10.123,0.5,1.561,-0.434,0.524,3.8,3.133,0.018,0.027,0.015,0.024,0.012
270,0.286,95.388,13.037,6.143,20.118,10.991,23.803,0.16,6.675,2.68,50.099,0.2,2.808,8.346,6.156,4.792,3.757,3.589,9.407,10.959,10.131,10.139,0.236,0.18,10.134,0.58,3.843,0.212,0.718,1.4,3.051,0.018,0.044,0.029,0.022,0.043
271,4.365,58.736,22.37,19.928,13.418,14.942,26.017,0.36,0.393,1.029,38.317,1.8,2.983,3.339,1.546,0.534,3.666,2.209,9.234,11.519,10.096,10.066,0.372,0.39,10.103,0.58,3.176,0.661,1.22,4.0,3.124,0.051,0.032,0.049,0.032,0.034
272,0.97,28.853,6.455,5.706,4.941,4.107,8.099,0.3,7.751,2.417,14.475,0.4,3.008,1.182,1.602,1.151,1.16,0.383,9.639,10.357,9.993,9.977,0.16,0.225,9.994,0.66,-0.206,0.36,0.489,3.6,3.041,0.005,0.022,0.012,0.032,0.013
273,1.272,162.867,23.044,7.841,35.837,14.645,42.304,0.06,5.815,2.526,79.799,0.2,2.655,14.56,10.91,11.137,9.581,5.572,9.184,10.757,10.13,10.158,0.275,0.283,10.134,0.42,2.989,-1.064,0.885,1.2,3.123,0.028,0.022,0.037,0.027,0.032
274,0.811,73.797,19.356,6.566,22.817,23.082,29.747,0.04,-0.326,1.126,38.804,0.2,2.37,13.041,7.953,3.007,0.964,0.438,8.805,10.642,10.096,10.108,0.26,0.164,10.099,0.52,11.589,-2.73,0.844,1.0,3.106,0.021,0.031,0.044,0.047,0.06
277,3.282,92.134,14.939,11.765,13.157,8.377,19.82,0.2,21.978,4.243,42.664,0.8,3.138,1.306,3.291,2.447,3.952,1.488,9.739,11.06,10.132,10.12,0.226,0.241,10.134,0.48,4.344,1.279,0.722,4.4,3.104,0.049,0.007,0.017,0.029,0.018
278,1.259,74.478,26.703,21.484,19.002,24.485,32.663,0.2,0.075,0.935,46.907,0.4,2.825,4.154,8.996,2.379,4.793,3.101,9.047,13.258,10.083,10.026,0.585,0.407,10.1,0.58,15.624,3.082,1.857,3.4,3.096,0.12,0.071,0.05,0.115,0.068
279,0.328,37.117,9.646,5.65,9.867,12.87,13.728,0.16,0.296,1.146,28.702,0.2,2.991,3.095,2.637,1.784,2.561,2.052,9.67,10.61,10.156,10.181,0.214,0.16,10.158,0.58,0.253,-0.169,0.654,1.2,3.046,0.011,0.026,0.013,0.004,0.02
281,17.243,331.749,101.353,90.521,56.639,62.291,115.828,0.48,4.56,1.746,176.701,2.2,3.092,13.753,12.796,9.492,4.402,7.671,6.081,18.259,10.508,9.962,2.86,3.247,10.882,0.66,0.574,0.869,8.383,4.6,2.943,0.053,0.039,0.112,0.077,0.078
282,17.449,361.316,109.443,86.701,74.256,83.837,131.838,0.36,1.474,1.308,226.148,0.4,3.057,16.435,22.561,10.903,4.728,6.218,6.226,22.266,10.481,10.453,2.675,3.138,10.81,0.6,5.796,1.676,8.205,4.4,3.076,0.061,0.261,0.188,0.253,0.479
283,33.402,319.506,158.389,158.276,69.835,105.315,172.819,0.6,-0.753,0.17,225.099,0.2,3.101,15.941,11.517,8.51,0.617,11.303,4.233,21.845,10.369,9.619,3.675,3.511,10.988,0.56,1.873,1.232,11.4,2.8,3.084,0.658,0.227,0.328,0.407,0.334
284,48.0,241.173,123.2,122.369,40.953,47.418,129.699,0.48,0.38,0.503,123.438,4.8,3.051,6.098,1.38,1.184,1.503,6.952,6.759,25.869,10.547,9.612,3.546,2.968,11.116,0.52,6.201,2.212,11.357,4.4,3.115,0.246,0.365,0.515,0.513,0.332
285,27.712,267.369,113.601,100.121,57.386,91.493,127.014,0.46,-0.198,0.627,182.896,2.4,3.111,12.426,11.857,5.659,5.632,7.672,6.234,18.138,10.326,9.965,2.408,3.023,10.597,0.66,1.365,1.077,6.756,4.8,2.956,0.095,0.247,0.171,0.149,0.032
286,6.953,284.102,73.308,61.265,46.304,42.073,86.459,0.4,6.827,2.057,142.769,0.2,3.051,11.91,3.131,10.941,7.352,5.476,7.065,16.461,10.292,9.797,2.051,2.051,10.491,0.54,1.385,1.205,5.745,4.4,2.952,0.099,0.09,0.104,0.183,0.118
287,29.195,248.172,116.442,111.055,52.566,68.24,127.541,0.6,-0.5,0.428,170.569,5.0,3.078,8.282,5.287,1.784,4.168,1.061,4.818,21.818,10.189,9.521,3.645,4.431,10.809,0.64,1.312,1.218,10.572,5.0,2.899,0.237,0.398,0.127,0.197,0.129
288,17.118,374.628,154.287,128.004,80.797,81.13,173.787,0.36,0.346,0.994,224.695,0.2,2.941,31.227,15.592,2.484,1.751,5.537,5.013,26.862,10.608,9.625,4.311,4.052,11.434,0.52,3.143,1.62,14.246,4.0,3.144,0.487,0.236,0.512,0.176,0.258
290,14.76,278.449,79.65,57.725,59.176,85.387,98.873,0.56,1.317,1.278,195.987,2.2,3.124,14.035,8.362,8.79,8.247,4.773,6.825,15.184,10.35,10.164,1.92,2.583,10.523,0.58,-0.143,0.303,5.745,4.2,3.013,0.118,0.099,0.095,0.258,0.01
292,34.548,284.743,116.067,115.2,47.169,52.624,125.108,0.5,1.752,0.883,141.795,2.4,3.045,2.087,10.91,5.401,3.418,4.904,6.082,20.553,10.279,9.396,3.13,3.475,10.735,0.6,1.9,1.442,8.278,3.0,2.865,0.137,0.05,0.128,0.01,0.085
293,17.263,238.425,83.317,76.351,46.887,51.879,95.374,0.48,1.224,1.077,147.562,2.0,3.094,3.313,6.784,1.446,7.135,12.915,7.821,16.565,10.344,9.573,2.17,2.653,10.564,0.62,0.985,1.229,6.455,3.8,2.993,0.085,0.057,0.086,0.124,0.146
294,12.466,193.982,66.452,57.179,42.493,44.081,78.647,0.5,1.461,1.315,122.763,2.0,3.004,5.333,4.556,3.958,4.923,1.082,7.377,16.581,9.884,9.676,1.506,1.635,9.995,0.46,6.161,1.793,4.564,2.0,3.022,0.118,0.156,0.023,0.047,0.019
295,30.973,328.1,122.415,114.154,66.199,67.427,138.853,0.38,2.117,1.363,206.045,1.4,3.081,4.865,6.253,7.467,11.557,12.78,3.261,17.905,10.151,9.383,3.117,3.239,10.609,0.44,0.266,0.804,9.179,2.2,3.044,0.247,0.081,0.105,0.279,0.414
296,42.979,303.789,129.417,126.658,55.924,84.395,140.761,0.46,0.28,0.555,176.097,1.4,3.098,7.909,5.093,5.508,1.904,7.758,5.626,25.089,10.983,9.911,4.097,4.613,11.708,0.52,1.814,1.348,11.785,4.8,2.997,0.528,0.171,0.558,0.136,0.216
297,4.874,233.781,103.215,100.458,52.822,69.272,115.705,0.48,-0.202,0.379,162.574,2.4,3.078,4.837,5.026,6.178,6.945,5.266,5.827,17.29,10.449,9.879,2.775,3.549,10.805,0.66,-0.144,0.693,8.402,4.8,2.988,0.231,0.013,0.116,0.221,0.193
298,27.614,296.291,142.027,137.02,58.436,77.121,153.356,0.58,-0.144,0.357,171.752,2.6,3.0,6.898,2.489,10.662,4.862,6.172,5.079,22.202,11.042,9.749,4.06,4.563,11.751,0.54,0.588,0.963,12.437,2.6,3.027,0.253,0.276,0.353,0.297,0.063
299,9.366,255.625,115.248,115.283,50.526,65.834,125.634,0.42,0.036,0.376,152.483,1.4,3.036,12.281,5.904,3.654,2.418,3.783,4.931,23.767,10.987,9.534,4.59,4.52,11.889,0.52,1.355,1.409,14.88,2.6,3.106,0.145,0.493,0.355,0.435,0.335
301,43.644,296.809,139.103,136.238,54.619,63.481,149.242,0.34,0.179,0.457,161.516,0.2,3.0,22.375,7.379,8.449,9.158,9.391,6.118,19.548,9.984,9.416,2.501,2.774,10.286,0.48,2.816,1.387,7.613,3.4,3.071,0.44,0.35,0.572,0.117,0.291
302,8.948,294.943,100.86,92.595,58.75,66.807,116.427,0.44,1.006,0.999,166.338,2.2,2.983,11.006,3.041,15.969,4.694,2.791,5.87,20.087,10.747,10.008,3.358,3.702,11.25,0.5,1.032,1.179,10.558,2.2,3.085,0.226,0.377,0.267,0.363,0.064
303,51.826,334.795,164.833,166.869,68.623,90.887,178.283,0.48,-0.279,0.489,224.221,1.2,3.113,11.465,8.886,14.535,6.55,6.724,5.154,19.976,10.676,10.372,3.545,4.072,11.238,0.56,0.184,0.74,10.725,4.0,3.047,0.216,0.266,0.372,0.591,0.604
304,34.154,302.604,140.135,139.248,67.264,91.489,155.151,0.5,-0.262,0.386,205.833,2.8,3.069,4.555,10.432,1.367,3.84,9.635,4.551,26.79,10.896,9.87,4.547,4.406,11.789,0.44,2.845,1.575,13.959,2.8,3.066,0.185,0.183,0.546,0.638,0.625
306,25.248,205.805,92.861,88.214,41.605,44.711,101.585,0.38,0.191,0.771,124.178,1.0,3.026,2.032,1.306,5.064,1.767,13.896,6.808,19.942,10.15,10.041,2.144,2.034,10.369,0.48,7.539,2.107,7.277,4.0,3.161,0.082,0.207,0.273,0.225,0.145
307,26.472,244.136,98.006,85.431,53.96,71.148,111.618,0.48,0.251,0.886,173.731,0.4,3.131,7.578,17.272,3.026,4.845,8.068,2.288,19.474,10.693,10.149,3.011,2.513,11.101,0.64,1.435,0.469,8.305,4.4,2.954,0.06,0.352,0.152,0.177,0.074
308,23.756,321.044,135.814,121.767,75.765,102.101,155.148,0.54,0.016,0.794,235.303,4.8,3.087,11.129,12.433,8.526,11.127,13.322,0.327,21.705,10.795,9.471,4.488,4.609,11.673,0.52,0.337,0.834,12.86,5.0,2.934,0.268,0.376,0.46,0.229,0.332
309,11.289,241.144,117.554,117.873,52.398,65.778,128.489,0.4,-0.37,0.3,159.627,0.2,3.061,18.514,3.876,4.651,9.002,7.699,6.352,19.383,10.556,9.858,3.009,3.645,10.968,0.62,1.203,1.208,9.591,3.4,3.085,0.418,0.186,0.254,0.104,0.35
310,10.549,225.567,119.187,119.006,51.976,57.961,129.819,0.5,-0.209,0.07,131.314,2.6,2.864,3.973,3.129,2.875,2.976,6.763,5.479,21.245,10.609,9.195,3.9,5.281,11.29,0.62,-0.04,0.898,10.469,5.0,2.811,0.241,0.023,0.186,0.291,0.168
311,3.726,159.956,71.481,63.03,41.833,47.392,82.611,0.4,-0.574,0.627,128.292,0.4,3.07,7.982,14.667,4.903,1.123,5.946,6.478,18.087,10.255,9.981,2.237,2.569,10.491,0.6,1.908,1.131,6.978,3.6,3.062,0.06,0.162,0.091,0.109,0.015
312,27.368,417.641,152.624,135.188,87.218,113.496,175.354,0.48,0.733,0.963,270.928,2.8,3.061,16.307,17.859,9.223,10.8,11.111,5.216,22.429,10.704,9.766,4.28,3.76,11.512,0.48,1.201,1.305,13.673,3.2,3.107,0.627,0.951,0.259,0.282,0.52
313,21.062,226.554,94.383,89.393,46.873,60.343,105.172,0.42,0.386,0.686,144.013,2.4,3.063,9.072,3.445,6.887,4.077,1.945,6.731,20.25,10.334,9.818,2.463,2.075,10.618,0.54,5.653,2.106,7.838,5.0,3.056,0.272,0.306,0.199,0.14,0.295
314,13.552,391.847,111.68,94.27,71.31,83.959,132.121,0.38,3.088,1.398,224.667,1.2,3.088,10.908,8.887,8.97,3.784,17.601,6.086,19.13,10.534,9.996,3.111,3.1,10.975,0.5,0.612,1.043,9.963,2.0,3.112,0.124,0.316,0.548,0.439,0.595
315,28.235,208.362,114.565,106.506,48.555,68.64,124.241,0.52,-0.847,0.086,145.412,2.6,3.063,5.819,3.024,3.644,5.116,4.986,5.493,20.31,10.932,9.601,4.118,4.618,11.668,0.5,-0.08,1.006,11.158,2.6,2.905,0.364,0.234,0.07,0.385,0.155
316,20.292,269.624,104.32,100.387,58.705,70.969,119.415,0.32,0.153,0.764,178.922,0.2,3.09,23.039,4.014,8.258,10.253,6.997,7.249,18.917,10.429,9.95,2.561,3.564,10.733,0.76,0.923,0.99,8.003,5.0,3.02,0.13,0.261,0.237,0.22,0.173
317,9.348,237.197,112.931,109.872,57.514,97.055,126.472,0.46,-0.95,0.276,183.817,2.6,3.115,10.2,11.439,10.001,4.282,2.095,5.082,22.42,10.375,9.643,3.746,3.494,11.017,0.56,1.952,1.376,10.84,3.0,3.001,0.451,0.059,0.217,0.456,0.264
319,19.103,215.08,90.63,75.448,53.387,83.578,104.914,0.4,-0.769,0.537,158.83,2.4,3.018,9.317,8.153,1.177,12.784,10.346,5.675,19.297,10.378,10.025,3.201,3.416,10.851,0.64,0.645,1.096,8.784,5.0,2.828,0.077,0.136,0.198,0.141,0.031
320,19.485,313.37,102.665,85.294,66.593,61.241,122.008,0.42,1.088,1.231,193.272,0.4,2.979,12.575,19.91,15.515,3.603,4.237,7.036,18.42,10.532,10.05,2.644,2.609,10.852,0.54,1.365,1.292,8.182,4.4,3.069,0.077,0.249,0.079,0.089,0.239
321,52.01,323.35,160.811,158.284,63.346,88.358,172.606,0.54,-0.354,0.34,190.401,3.0,3.037,8.878,4.863,0.934,10.769,6.636,4.289,25.271,11.15,10.525,4.372,3.557,11.961,0.44,1.711,1.231,12.97,1.4,3.031,0.207,0.313,0.095,0.711,0.337
322,24.71,192.161,91.94,83.66,44.966,60.882,102.149,0.42,-0.627,0.502,137.859,2.2,3.081,7.2,5.448,8.278,3.872,10.443,5.316,16.823,10.539,9.897,2.922,3.552,10.928,0.7,-0.574,0.517,8.267,4.6,2.956,0.037,0.098,0.189,0.148,0.183
323,25.648,225.696,106.627,97.142,52.054,65.468,118.426,0.54,-0.558,0.494,166.793,2.2,3.117,5.823,5.629,9.519,1.473,5.982,6.425,18.996,10.252,9.373,3.008,2.794,10.676,0.56,1.574,1.441,9.647,5.0,3.068,0.047,0.207,0.145,0.27,0.354
324,15.092,250.937,97.027,90.391,54.065,70.456,110.81,0.52,0.069,0.754,181.065,5.0,3.136,10.725,6.726,5.332,7.777,8.183,6.315,15.117,10.249,10.163,2.078,2.926,10.453,0.58,-0.409,0.255,6.421,4.2,3.071,0.102,0.129,0.054,0.098,0.189
325,16.119,264.254,99.181,87.862,54.408,58.39,112.862,0.44,0.96,0.965,166.286,3.0,3.064,12.931,4.066,8.389,2.36,7.254,6.136,18.481,10.28,9.625,2.797,3.173,10.647,0.72,0.592,1.028,8.765,5.0,3.039,0.226,0.048,0.239,0.073,0.236
326,28.699,299.616,118.735,115.594,54.308,57.82,130.34,0.44,1.373,0.954,168.883,2.6,3.08,13.517,12.99,6.665,3.833,3.704,6.558,19.882,10.48,9.812,3.225,3.5,10.956,0.66,0.601,1.099,8.846,5.0,2.8,0.038,0.057,0.151,0.155,0.179
327,10.785,251.824,89.456,75.196,52.721,64.882,103.568,0.44,0.851,1.034,164.427,2.2,3.06,8.311,11.83,5.534,7.106,8.908,5.759,22.801,10.507,9.996,2.752,2.764,10.855,0.48,6.258,1.922,8.364,3.0,3.048,0.474,0.294,0.081,0.443,0.283
328,48.351,295.655,161.777,161.341,62.13,80.461,173.075,0.58,-0.644,0.182,198.52,5.0,3.054,4.004,4.241,6.258,9.624,10.404,4.474,24.383,11.158,10.183,4.295,4.707,11.941,0.52,1.583,1.179,12.203,3.0,3.0,0.32,0.253,0.511,0.539,0.777
329,35.4,366.963,156.043,148.524,72.839,112.349,171.898,0.42,0.469,0.781,209.953,0.2,3.002,25.288,7.749,18.626,4.637,8.475,5.779,25.077,11.523,10.176,4.584,3.905,12.384,0.44,1.234,1.338,13.053,1.2,2.958,0.582,1.085,0.935,0.271,0.174
330,18.139,262.024,114.984,103.453,55.698,80.842,127.521,0.42,-0.189,0.596,169.638,2.2,3.048,3.853,3.648,5.284,5.047,10.499,5.538,23.592,10.806,9.221,4.466,4.373,11.675,0.6,1.693,1.549,12.527,5.0,2.812,0.351,0.012,0.092,0.23,0.029
331,23.444,305.86,114.528,114.328,62.135,94.64,130.001,0.44,0.291,0.515,201.49,5.0,3.091,17.571,11.248,4.195,16.66,6.962,4.461,20.849,11.007,10.34,3.516,3.064,11.544,0.46,0.909,1.06,11.054,4.8,3.081,0.175,0.653,0.198,0.269,0.352
332,12.592,380.623,144.216,144.483,70.897,89.849,160.388,0.44,1.326,0.624,225.32,0.4,3.091,7.11,20.494,7.73,9.216,12.779,5.481,54.057,12.062,10.357,7.101,5.838,13.961,0.48,22.617,4.236,23.172,4.2,3.143,0.965,0.793,0.695,0.843,0.523
333,34.775,214.795,105.844,100.381,36.145,36.734,111.729,0.58,0.746,0.375,112.615,4.4,3.08,4.93,5.109,0.572,3.353,3.195,4.52,22.036,10.443,8.592,4.446,4.471,11.332,0.5,1.142,1.359,14.187,3.0,3.111,0.175,0.372,0.582,0.636,0.574
334,15.95,255.198,113.39,106.779,56.533,64.662,126.449,0.28,-0.016,0.528,163.568,0.2,3.019,23.22,11.874,8.386,12.518,9.628,4.893,25.734,10.352,9.896,3.73,3.077,10.991,0.52,4.574,1.823,11.489,3.8,3.076,0.353,0.094,0.356,0.665,0.864
335,35.729,268.163,120.617,112.973,52.712,64.043,131.421,0.48,0.359,0.718,156.995,2.2,3.009,3.608,7.291,4.013,1.077,6.956,4.527,21.664,11.096,9.95,4.018,3.968,11.787,0.52,0.6,1.14,11.621,4.6,2.988,0.142,0.533,0.244,0.201,0.374
337,28.967,290.519,98.151,86.306,52.532,80.38,111.077,0.46,1.87,1.142,162.319,1.6,3.048,9.284,2.462,7.615,9.018,9.931,6.195,20.75,10.888,9.88,3.593,3.395,11.454,0.66,0.861,1.197,10.832,4.4,3.053,0.189,0.129,0.239,0.219,0.315
338,8.108,234.925,80.694,65.255,58.624,92.584,99.396,0.32,-0.194,0.813,176.011,0.2,3.055,21.426,11.299,4.654,11.429,10.97,4.398,19.262,10.329,9.997,2.458,2.265,10.612,0.56,3.092,1.163,7.994,4.8,3.139,0.291,0.277,0.225,0.212,0.237
340,8.45,213.417,74.314,61.649,44.549,39.025,86.415,0.34,1.816,1.369,136.384,2.4,3.064,4.72,3.227,8.337,6.187,4.784,7.809,15.786,10.443,10.342,1.538,1.594,10.554,0.5,2.458,1.212,4.648,1.2,3.034,0.194,0.095,0.229,0.195,0.136
341,22.625,244.415,115.311,113.623,54.53,83.58,127.321,0.46,-0.844,0.226,161.203,2.4,3.026,0.396,2.612,5.324,3.457,9.583,5.74,21.899,10.824,9.4,4.167,5.301,11.584,0.6,0.3,1.12,11.157,4.6,2.891,0.153,0.092,0.044,0.146,0.066
342,32.018,238.049,119.594,106.194,59.541,98.709,133.33,0.44,-0.896,0.474,177.997,2.4,3.038,4.142,11.132,2.311,3.194,16.73,6.226,20.311,10.495,9.435,3.435,3.145,11.032,0.58,0.589,1.168,10.375,5.0,2.995,0.242,0.133,0.182,0.193,0.209
343,8.695,243.231,71.773,63.622,43.596,47.051,83.75,0.42,3.693,1.621,132.511,2.0,3.057,2.702,11.829,7.45,8.223,2.549,5.776,15.085,10.367,10.32,1.541,1.483,10.478,0.5,2.295,0.508,4.952,4.4,3.119,0.261,0.193,0.074,0.203,0.115
345,21.468,360.111,165.988,160.814,75.788,110.429,182.156,0.42,-0.26,0.389,226.654,0.8,3.016,17.113,10.237,3.652,17.547,14.727,3.332,21.155,10.082,9.496,3.594,3.041,10.692,0.38,1.891,1.302,11.564,3.0,3.124,0.437,0.464,0.793,0.771,0.349
346,24.88,211.327,112.309,104.232,46.97,62.866,121.554,0.46,-0.693,0.429,147.065,5.0,3.037,8.147,7.557,5.706,4.151,3.312,5.709,18.315,10.519,9.458,3.28,4.459,11.009,0.48,-0.478,0.66,10.451,2.2,3.099,0.097,0.186,0.364,0.184,0.49
348,11.732,175.042,69.487,62.278,36.764,40.25,78.441,0.42,1.01,0.936,113.559,2.2,3.064,8.116,4.974,5.097,5.343,2.373,6.805,15.262,10.422,10.185,1.649,1.647,10.549,0.6,0.824,0.779,4.946,4.0,3.05,0.089,0.183,0.1,0.061,0.122
349,28.861,286.93,151.386,143.678,68.77,102.976,165.99,0.32,-0.81,0.194,203.396,0.4,3.023,14.909,23.514,15.057,3.671,3.909,5.534,25.463,10.826,9.849,4.254,3.523,11.617,0.48,2.948,1.71,13.139,4.2,3.067,0.124,0.341,0.284,0.174,0.532
350,28.863,299.867,129.036,120.324,59.903,85.557,142.01,0.48,0.112,0.664,166.171,2.6,2.964,4.012,9.634,2.328,7.738,3.662,4.92,21.996,10.746,9.491,4.116,4.5,11.493,0.54,0.754,1.126,8.999,4.8,2.705,0.054,0.332,0.137,0.137,0.314
351,30.33,251.574,137.394,136.374,52.903,74.657,147.037,0.56,-0.586,0.199,159.353,2.4,3.05,9.147,1.974,3.529,4.194,4.616,5.44,21.191,10.445,9.725,3.289,3.211,10.941,0.58,1.306,1.151,8.378,2.4,2.807,0.066,0.116,0.224,0.225,0.112
352,39.97,304.793,144.504,141.482,64.051,81.83,157.803,0.54,-0.036,0.602,207.311,1.0,3.12,8.566,12.957,2.004,2.128,14.192,5.372,24.824,10.773,10.118,4.157,3.91,11.532,0.54,3.164,1.652,12.887,4.4,3.059,0.455,0.023,0.197,0.794,0.207
353,20.996,349.788,146.326,131.13,68.758,89.783,161.383,0.54,0.272,0.63,208.89,5.0,2.992,4.849,2.435,12.911,2.245,5.801,5.485,19.803,10.542,10.17,2.849,4.192,10.913,0.8,0.67,0.751,7.658,4.8,2.942,0.172,0.098,0.184,0.158,0.055
354,14.139,214.959,110.107,105.081,54.033,90.328,122.412,0.5,-0.996,0.135,175.23,2.2,3.13,8.085,8.4,9.423,5.899,4.208,5.418,18.871,10.611,9.932,2.949,3.983,11.005,0.66,0.32,0.874,8.376,4.4,2.993,0.236,0.118,0.094,0.201,0.299
355,15.6,284.343,135.218,132.059,66.745,82.882,150.499,0.5,-0.315,0.338,211.85,2.6,3.105,13.327,5.886,7.021,4.71,13.576,4.511,24.172,10.805,9.444,4.624,4.972,11.734,0.56,0.868,1.211,13.933,4.6,3.037,0.094,0.401,0.618,0.166,0.227
356,29.852,290.652,105.009,92.078,53.001,50.769,117.388,0.42,2.696,1.625,167.989,2.6,3.098,6.028,10.293,9.163,7.674,4.136,5.263,19.543,10.62,9.982,3.309,3.212,11.113,0.48,0.829,1.07,8.911,2.6,2.894,0.413,0.099,0.216,0.424,0.184
357,13.355,316.064,147.103,143.162,63.926,80.414,160.138,0.52,0.005,0.278,195.536,2.8,3.05,7.567,6.973,11.014,3.438,11.611,4.52,21.346,10.463,9.553,3.388,3.348,10.987,0.62,2.646,1.462,10.143,4.4,3.022,0.247,0.27,0.323,0.098,0.392
358,47.087,367.411,191.127,186.447,62.241,81.99,200.813,0.5,0.292,0.355,202.22,2.8,3.107,7.572,4.869,2.591,5.955,8.794,4.39,26.905,11.686,10.418,4.909,6.422,12.656,0.52,0.793,1.018,16.065,2.8,3.128,0.572,0.463,0.307,0.832,0.837
360,40.809,280.41,135.495,134.409,54.124,76.572,145.704,0.42,-0.124,0.36,168.545,0.4,3.074,9.507,15.238,7.08,5.732,11.767,6.105,22.783,10.535,9.877,3.268,2.296,11.021,0.5,4.245,1.944,9.681,4.6,3.013,0.373,0.075,0.108,0.572,0.131
361,10.302,197.854,101.13,91.828,46.236,58.355,111.006,0.5,-0.566,0.144,150.724,2.2,3.109,0.446,4.122,7.032,3.974,4.934,6.185,18.268,10.318,10.164,2.644,3.433,10.645,0.5,0.337,0.646,7.648,2.8,2.989,0.204,0.233,0.334,0.229,0.026
362,59.132,297.326,152.885,138.394,59.314,96.773,163.773,0.6,-0.775,0.452,191.363,2.6,3.108,4.148,0.876,5.883,11.873,7.762,5.719,21.372,10.552,9.697,3.49,4.699,11.104,0.6,0.9,1.133,8.885,4.8,2.861,0.274,0.118,0.054,0.12,0.291
363,23.444,271.085,147.001,138.211,56.209,73.588,157.18,0.58,-0.468,0.267,164.319,4.6,3.002,7.463,8.975,4.421,2.192,1.489,5.718,23.657,10.835,9.65,4.421,3.62,11.686,0.46,1.409,1.46,12.616,4.6,2.998,0.236,0.166,0.456,0.123,0.808
364,28.08,255.591,134.75,125.128,62.262,109.831,148.177,0.48,-1.063,0.26,162.287,2.4,2.939,3.493,8.573,1.552,3.01,4.965,6.089,21.545,10.256,9.354,3.271,4.181,10.755,0.56,1.423,1.113,9.392,5.0,2.912,0.078,0.186,0.112,0.071,0.038
365,41.275,262.017,114.676,101.704,54.943,83.951,126.921,0.56,0.372,0.852,174.778,4.6,3.08,6.276,8.666,4.917,9.777,9.688,5.414,21.815,10.306,9.367,3.639,4.023,10.918,0.52,1.01,1.197,10.953,2.8,3.048,0.232,0.454,0.306,0.274,0.272
366,11.696,300.996,102.572,82.945,71.104,93.255,124.401,0.36,-0.227,0.734,211.871,0.2,3.028,25.234,15.77,12.417,2.828,9.57,6.407,14.745,10.287,9.76,2.124,3.193,10.499,0.44,-0.639,0.457,6.7,4.6,3.101,0.242,0.209,0.161,0.36,0.096
367,13.163,166.868,82.353,74.232,40.297,53.271,91.506,0.42,-0.582,0.366,121.463,0.2,3.028,12.053,7.878,5.265,8.0,5.595,7.714,15.387,10.271,10.067,1.5,1.632,10.377,0.64,2.13,1.169,4.359,4.4,2.983,0.064,0.099,0.09,0.127,0.037
368,31.565,349.595,147.029,144.551,61.394,76.984,159.095,0.56,0.811,0.567,194.117,2.6,3.082,2.435,10.945,10.987,16.229,10.877,5.175,23.753,10.586,9.291,3.869,3.496,11.257,0.64,2.901,1.739,11.919,4.6,3.068,0.147,0.312,0.298,0.117,0.468
369,39.632,234.594,112.785,103.248,48.284,74.948,122.495,0.42,-0.533,0.579,139.753,2.2,3.015,5.202,12.194,7.95,7.178,3.697,6.182,16.939,10.263,10.098,2.473,3.097,10.551,0.66,0.207,0.676,6.932,4.6,2.958,0.144,0.049,0.174,0.022,0.094
370,57.816,260.254,158.415,153.997,53.18,82.9,166.933,0.48,-0.939,-0.009,163.844,0.2,3.067,16.741,6.213,3.197,5.944,2.545,6.002,21.963,11.296,10.374,4.051,4.233,11.987,0.56,0.187,0.919,12.972,3.2,3.087,0.378,0.292,0.389,0.644,0.13
371,35.375,338.239,138.624,122.59,70.823,76.237,155.345,0.4,0.487,0.978,214.157,3.2,3.04,12.017,0.707,9.721,12.983,11.541,4.702,19.014,10.395,9.805,3.169,2.775,10.858,0.6,0.994,1.056,10.012,4.6,3.11,0.481,0.192,0.432,0.251,0.345
372,23.698,220.482,103.592,97.663,48.123,70.355,114.021,0.46,-0.446,0.424,145.125,0.8,3.017,6.282,11.81,6.835,12.849,11.666,6.296,23.227,10.462,9.99,3.221,3.385,10.937,0.66,4.706,1.956,10.43,5.0,3.098,0.395,0.237,0.408,0.115,0.284
373,10.881,252.689,121.723,129.033,55.371,88.8,133.496,0.4,-0.525,0.123,166.201,2.6,3.035,6.583,9.498,4.702,13.638,4.08,4.548,20.487,10.659,9.609,3.777,3.662,11.296,0.56,0.339,0.94,10.788,4.8,2.985,0.06,0.146,0.232,0.392,0.162
374,32.146,340.078,154.669,130.419,77.339,96.324,172.581,0.48,-0.594,0.596,248.354,1.2,3.128,6.54,11.528,11.722,6.188,10.251,5.011,23.37,10.497,9.662,3.772,3.321,11.141,0.64,3.077,1.684,11.32,4.2,3.044,0.253,0.172,0.664,0.415,0.297
375,15.963,224.321,105.988,97.072,53.389,77.364,118.435,0.4,-0.684,0.447,150.909,2.2,2.987,7.093,6.244,10.573,2.588,5.025,6.798,18.863,10.352,9.714,2.611,2.243,10.67,0.6,1.615,1.355,7.491,2.2,2.992,0.123,0.066,0.119,0.189,0.316
376,8.824,596.828,176.464,163.523,92.136,82.876,198.642,0.48,7.15,2.037,291.345,4.6,3.076,8.347,21.25,16.236,15.78,14.658,2.971,22.349,11.366,10.637,4.268,4.14,12.126,0.58,0.508,0.634,13.835,4.8,3.125,0.283,0.591,0.407,0.561,0.562
377,26.213,266.075,123.604,111.498,60.935,81.7,137.538,0.36,-0.417,0.623,196.598,0.2,3.1,15.629,12.437,5.127,8.042,4.941,4.623,25.418,10.563,9.683,3.764,3.011,11.201,0.56,3.56,1.546,12.089,2.8,3.105,0.81,0.692,0.324,0.162,0.53
378,18.02,200.436,91.326,84.173,48.178,56.257,103.03,0.48,-0.387,0.592,157.168,1.2,3.122,3.774,8.282,6.591,7.082,10.359,6.846,22.498,10.698,9.997,3.222,3.126,11.163,0.62,2.874,1.535,10.239,3.2,3.112,0.292,0.536,0.328,0.433,0.108
379,50.283,264.716,142.895,136.823,51.197,62.546,151.617,0.48,-0.231,0.425,157.947,2.6,3.055,11.897,1.438,1.891,1.445,8.816,6.027,20.686,10.338,9.567,3.142,3.575,10.796,0.64,1.491,1.212,8.094,4.8,2.916,0.137,0.267,0.162,0.076,0.079
381,14.893,326.573,126.651,112.153,67.253,63.349,143.084,0.48,1.012,1.066,211.843,2.6,3.098,7.771,13.275,8.196,9.428,7.347,5.379,22.767,11.366,9.883,4.239,3.705,12.115,0.52,0.402,1.071,12.108,3.2,2.986,0.343,0.35,0.64,0.373,0.256
382,32.06,270.408,162.098,174.497,53.288,70.005,170.466,0.46,-0.324,-0.405,163.928,4.0,3.075,7.177,9.137,6.36,10.819,6.133,4.678,22.771,11.049,10.06,4.274,5.525,11.832,0.44,0.502,1.059,13.29,2.8,3.073,0.737,0.304,0.408,0.497,0.996
383,10.317,239.826,129.004,121.493,60.937,89.631,142.412,0.46,-0.822,0.216,177.478,0.2,2.997,20.55,5.058,9.526,3.376,11.62,5.224,19.257,10.481,9.511,3.587,3.63,11.066,0.52,0.156,0.963,10.523,3.6,2.98,0.45,0.784,0.834,0.53,0.292
384,17.524,214.415,80.446,77.316,45.992,61.301,92.436,0.46,0.344,0.899,152.125,5.0,3.115,6.524,9.878,2.632,10.205,4.529,6.618,13.954,10.13,10.149,1.816,2.788,10.288,0.52,-0.747,0.04,5.825,5.0,3.073,0.151,0.217,0.087,0.125,0.091
385,20.816,322.868,130.319,125.271,70.083,78.832,147.636,0.36,0.47,0.906,225.07,0.2,3.113,17.217,1.376,12.841,6.159,6.936,5.721,21.297,10.257,9.678,3.032,2.726,10.687,0.52,2.805,1.485,9.255,2.8,3.054,0.437,0.449,0.482,0.675,0.157
386,20.986,265.305,106.425,93.555,63.788,89.381,123.749,0.46,-0.353,0.734,205.668,2.4,3.098,13.413,3.462,6.164,8.105,5.453,5.927,17.734,10.525,10.367,2.916,4.11,10.913,0.6,-0.152,0.533,8.955,2.6,3.049,0.038,0.169,0.143,0.328,0.19
387,17.866,230.669,131.919,135.59,48.321,71.011,140.324,0.52,-0.618,-0.139,158.773,0.6,3.141,9.186,10.143,10.218,5.507,2.767,5.373,20.772,10.691,10.029,3.408,3.84,11.21,0.6,1.789,1.327,10.655,4.8,3.06,0.105,0.5,0.493,0.335,0.536
388,18.352,522.56,123.549,108.428,88.147,71.503,151.258,0.52,6.966,2.223,270.107,5.0,3.017,20.037,15.185,18.648,6.267,3.582,5.727,19.494,10.238,9.921,2.768,2.991,10.599,0.62,1.751,1.147,8.788,4.6,3.084,0.281,0.46,0.099,0.293,0.258
389,26.736,362.17,128.654,117.361,69.256,85.025,145.782,0.4,2.312,1.284,217.75,0.2,3.093,23.328,5.615,11.849,6.438,13.808,3.532,19.034,10.422,9.799,3.177,4.662,10.886,0.48,-0.058,0.441,10.257,4.2,3.098,0.558,0.244,0.044,0.493,0.426
390,19.594,352.978,102.721,78.484,72.219,75.653,125.152,0.52,1.883,1.421,213.586,2.4,3.033,17.164,6.536,5.634,9.236,8.96,5.789,16.719,10.224,9.794,2.456,3.193,10.509,0.5,-0.268,0.462,7.666,2.4,3.074,0.05,0.171,0.285,0.353,0.057
391,18.245,275.634,104.706,87.364,65.588,86.178,123.203,0.26,0.187,0.915,200.073,0.2,3.061,24.715,11.719,11.465,6.12,4.638,5.665,20.978,10.765,10.207,2.616,3.093,11.073,0.52,3.325,1.299,7.95,2.2,3.054,0.122,0.413,0.052,0.109,0.165
392,16.642,288.772,138.54,148.837,59.804,80.481,150.66,0.42,-0.218,0.02,181.1,0.8,3.053,12.893,7.543,2.239,17.621,4.091,2.998,21.705,10.795,10.024,3.521,3.826,11.344,0.54,1.657,0.892,10.577,2.6,3.047,0.143,0.899,0.189,0.141,0.481
393,55.594,321.651,149.183,141.788,61.076,77.813,160.97,0.54,0.713,0.94,180.289,1.0,3.006,9.734,11.033,5.881,15.469,17.707,4.253,18.998,10.96,10.621,2.778,3.653,11.3,0.44,0.589,0.474,8.735,0.4,3.082,0.438,0.752,0.532,0.191,0.257
394,34.008,259.365,126.991,109.147,59.159,74.285,139.844,0.38,-0.444,0.722,184.26,0.2,3.082,16.252,1.025,8.371,5.77,6.472,6.631,19.843,10.504,9.777,3.167,3.061,10.962,0.52,1.695,1.413,9.523,2.4,3.026,0.393,0.16,0.065,0.338,0.298
395,9.612,175.412,70.455,63.791,39.154,42.87,80.413,0.46,-0.199,0.7,122.768,0.6,3.082,6.725,1.882,10.502,2.417,5.91,6.754,16.582,10.423,9.792,2.33,2.297,10.675,0.6,0.256,1.003,7.379,4.0,3.094,0.372,0.111,0.253,0.256,0.135
396,19.343,264.678,102.576,85.823,57.785,64.267,117.448,0.48,-0.026,0.718,185.866,2.6,3.113,11.694,12.275,8.074,1.744,4.611,5.158,19.339,10.34,9.703,2.953,2.796,10.746,0.56,1.078,1.069,8.712,4.6,2.991,0.33,0.164,0.105,0.043,0.3
397,14.397,258.714,102.928,89.341,61.413,79.462,119.542,0.34,-0.129,0.794,179.271,0.2,3.014,24.087,3.498,11.496,12.684,3.807,5.97,23.757,10.304,9.989,2.971,2.55,10.716,0.58,7.15,2.213,9.329,1.4,3.085,0.076,0.305,0.214,0.274,0.344
398,21.304,287.488,119.468,121.387,53.7,54.887,130.761,0.52,1.274,0.882,163.113,2.6,3.045,7.501,2.319,2.232,9.35,10.2,5.85,20.824,10.619,8.868,4.112,5.389,11.373,0.46,-0.069,1.028,11.206,2.6,2.876,0.121,0.232,0.187,0.331,0.287
399,33.914,323.594,119.915,104.22,76.057,98.942,141.593,0.36,0.271,1.008,202.945,0.2,2.956,37.151,10.882,11.212,7.211,4.664,5.961,22.673,10.611,10.08,3.124,2.854,11.053,0.52,3.496,1.56,10.006,0.6,3.082,0.579,0.451,0.796,0.575,0.349
400,8.25,282.845,113.534,100.668,69.989,95.924,133.005,0.42,-0.403,0.581,221.44,0.6,3.102,14.301,12.156,19.088,12.021,8.31,5.573,27.121,10.954,9.278,4.745,3.362,11.919,0.56,3.01,1.803,14.668,5.0,3.022,0.294,0.181,0.431,0.144,0.143
402,13.031,168.852,73.374,69.953,33.354,35.772,80.461,0.56,0.62,0.884,103.333,1.8,3.065,3.288,4.272,8.115,6.508,4.805,7.897,15.231,10.348,9.836,1.767,2.142,10.495,0.56,0.321,1.0,5.564,3.8,3.087,0.281,0.037,0.246,0.292,0.072
403,10.102,276.808,118.856,104.032,65.856,84.266,135.562,0.4,-0.398,0.442,188.733,0.2,3.01,28.286,3.875,6.752,11.857,9.945,5.727,23.125,10.691,10.033,3.422,2.189,11.215,0.48,4.252,1.906,11.458,4.4,3.146,0.475,0.245,0.349,0.694,0.518
404,50.717,230.295,117.94,103.839,44.746,70.315,125.984,0.38,-0.471,0.506,139.811,1.4,3.093,5.836,9.047,7.784,3.45,4.048,4.949,22.492,11.02,10.338,3.698,2.421,11.612,0.48,2.04,1.329,11.494,4.4,3.061,0.27,0.112,0.232,0.262,0.558
405,36.397,292.439,145.504,136.572,62.338,80.087,158.05,0.52,-0.464,0.479,159.862,2.8,2.86,16.865,4.367,3.094,2.292,6.633,4.028,21.574,10.322,9.549,3.869,4.937,11.01,0.48,0.264,0.747,11.738,4.2,3.028,0.125,0.109,0.124,0.165,0.683
406,32.342,275.25,136.803,136.845,56.469,80.625,147.784,0.62,-0.465,0.344,178.516,1.4,3.105,7.886,8.962,5.09,3.769,4.408,5.164,26.628,11.583,10.11,5.405,3.722,12.759,0.38,1.272,1.495,16.906,4.8,3.077,0.267,0.604,0.052,0.293,0.541
407,20.15,312.0,130.559,130.172,62.592,72.558,144.516,0.42,0.663,0.703,189.399,0.6,3.059,17.989,10.952,18.924,6.531,3.899,5.562,25.321,11.078,9.64,4.823,2.596,12.063,0.38,1.616,1.587,13.721,4.8,2.955,0.315,0.158,0.246,0.9,0.382
408,11.338,243.268,80.69,71.643,55.105,78.708,97.4,0.32,0.402,0.941,161.026,0.2,3.011,18.247,17.713,3.109,10.215,1.352,6.592,17.521,10.094,9.634,1.858,1.418,10.26,0.46,4.308,1.668,5.444,4.0,3.02,0.308,0.032,0.108,0.024,0.11
409,21.843,314.9,133.266,113.658,75.528,119.716,152.807,0.52,-0.668,0.597,212.272,2.4,3.023,9.683,5.195,9.352,2.528,6.981,5.888,19.272,10.179,9.733,2.795,4.29,10.549,0.7,0.606,0.866,8.124,4.8,3.04,0.288,0.087,0.215,0.178,0.336
410,27.96,268.867,126.375,123.365,65.145,95.725,141.879,0.34,-0.754,0.301,211.763,0.2,3.128,17.232,12.895,10.19,9.625,13.015,4.735,22.124,10.895,10.424,3.501,4.029,11.433,0.64,0.831,0.836,10.616,4.6,3.064,0.333,0.331,0.312,0.16,0.256
411,6.958,171.046,60.135,49.671,39.034,43.336,71.48,0.36,0.485,1.047,122.313,1.6,3.091,6.992,7.838,5.522,5.969,6.775,4.967,12.19,9.66,9.871,1.254,1.537,9.74,0.6,2.428,-1.023,3.681,4.4,3.018,0.058,0.167,0.058,0.03,0.125
412,21.626,338.648,124.811,104.333,83.697,110.328,149.809,0.4,-0.021,0.935,261.073,0.4,3.044,4.287,22.241,19.44,12.721,10.995,6.002,19.975,10.532,10.415,2.706,3.3,10.867,0.62,1.779,1.015,7.805,4.8,2.974,0.165,0.047,0.284,0.039,0.084
413,29.33,385.534,126.719,121.137,65.377,90.525,142.289,0.38,3.119,1.35,212.138,2.6,3.13,9.372,9.545,9.469,11.091,9.078,5.76,18.852,10.343,9.574,3.153,4.778,10.804,0.68,-0.21,0.798,8.286,4.8,2.912,0.073,0.108,0.171,0.192,0.184
414,27.104,294.295,110.124,99.715,61.445,57.766,125.806,0.34,0.735,1.013,180.922,0.2,3.054,25.89,8.98,5.783,9.791,14.08,5.025,16.119,10.129,9.87,2.305,2.826,10.383,0.52,0.193,0.494,7.013,2.4,3.056,0.213,0.205,0.025,0.365,0.566
415,32.015,736.272,173.13,150.93,125.682,104.699,213.199,0.48,10.158,2.928,402.281,1.0,3.106,24.535,17.033,15.82,10.38,29.171,0.717,24.475,10.844,9.735,4.517,4.324,11.73,0.56,1.614,1.053,13.597,4.4,3.036,0.382,0.33,0.328,0.168,0.54
416,10.249,227.965,95.249,91.899,48.648,58.945,106.732,0.48,0.089,0.645,147.095,2.2,3.056,1.864,7.505,3.303,9.276,6.273,6.183,18.199,10.401,9.78,2.628,2.683,10.721,0.64,0.929,0.954,7.632,4.2,3.01,0.102,0.143,0.141,0.1,0.205
417,31.088,256.164,129.302,122.516,57.036,86.5,141.092,0.42,-0.786,0.291,164.971,0.2,2.983,18.243,7.991,10.307,6.961,2.807,5.871,20.603,10.632,10.07,3.392,3.093,11.149,0.52,1.715,1.344,9.864,4.0,3.008,0.213,0.165,0.016,0.322,0.462
419,21.88,229.186,117.847,113.682,60.227,95.41,132.07,0.56,-1.074,0.23,190.73,2.2,3.092,6.128,5.404,3.338,9.093,7.106,5.79,20.425,10.548,9.185,3.62,4.195,11.14,0.54,0.455,1.124,10.35,3.0,2.981,0.263,0.149,0.338,0.125,0.263
