,gyrMag-min,gyrMag-max,gyrMag-mean,gyrMag-median,gyrMag-std,gyrMag-IQR,gyrMag-RMS,gyrMag-MCR,gyrMag-Kurt,gyrMag-Skew,gyrMag-frEnergy,gyrMag-PeakFreq,gyrMag-frDmEntroPy,gyrMag-frMag1,gyrMag-frMag2,gyrMag-frMag3,gyrMag-frMag4,gyrMag-frMag5,accMag-min,accMag-max,accMag-mean,accMag-median,accMag-std,accMag-IQR,accMag-RMS,accMag-MCR,accMag-Kurt,accMag-Skew,accMag-frEnergy,accMag-PeakFreq,accMag-frDmEntroPy,accMag-frMag1,accMag-frMag2,accMag-frMag3,accMag-frMag4,accMag-frMag5,count,label,cattle_id,timestamp,timestamp_human
0,43.944,352.179,154.268,149.127,68.525,83.38,168.524,0.44,0.511,0.719,200.365,0.2,3.007,21.309,4.613,14.355,4.898,4.846,4.814,26.783,11.062,8.851,5.198,3.985,12.2,0.52,1.568,1.564,14.548,4.8,2.974,0.492,0.353,0.678,0.128,0.352,50,walking,goat03,1,1970-01-01 00:00:00.001
1,12.529,381.168,155.854,138.32,79.37,91.286,174.54,0.38,1.185,1.083,243.449,0.2,3.06,23.877,12.69,15.081,10.878,6.043,2.82,21.129,10.574,9.735,3.959,3.876,11.277,0.66,0.541,0.833,12.029,4.6,2.998,0.233,0.155,0.164,0.031,0.161,50,walking,goat03,10001,1970-01-01 00:00:10.001
2,16.833,266.522,104.146,87.698,62.165,77.108,120.969,0.44,0.346,0.95,187.98,0.2,3.072,23.939,1.314,10.56,6.653,6.045,6.798,18.313,10.189,9.671,2.4,2.265,10.462,0.64,2.376,1.364,7.102,4.0,3.028,0.103,0.188,0.11,0.249,0.189,50,walking,goat03,20001,1970-01-01 00:00:20.001
3,17.246,182.257,89.21,81.254,47.361,62.127,100.78,0.32,-0.91,0.52,131.637,0.4,2.964,3.351,20.463,4.15,5.351,6.456,6.91,17.528,10.469,10.101,2.164,2.257,10.686,0.54,1.35,1.087,6.533,5.0,2.98,0.159,0.1,0.184,0.055,0.063,50,walking,goat03,30001,1970-01-01 00:00:30.001
4,27.508,419.771,160.708,155.734,83.318,121.714,180.638,0.74,1.06,0.859,265.91,5.0,3.039,4.792,8.657,8.145,10.212,8.362,6.222,21.572,11.538,10.973,4.124,6.256,12.239,0.76,-0.354,0.684,11.619,5.0,2.859,0.068,0.177,0.016,0.393,0.161,50,walking,goat03,40001,1970-01-01 00:00:40.001
5,22.661,320.029,138.014,119.56,74.724,95.362,156.588,0.5,-0.274,0.607,235.129,0.2,3.071,24.482,11.831,7.587,6.223,8.434,4.672,23.802,10.68,10.128,3.973,3.866,11.381,0.68,2.621,1.413,11.308,4.6,2.945,0.157,0.149,0.311,0.37,0.258,50,walking,goat03,50001,1970-01-01 00:00:50.001
6,39.129,345.89,147.197,121.733,71.417,80.828,163.296,0.58,0.655,0.968,222.224,4.8,3.089,4.163,5.103,8.496,9.112,10.309,5.63,22.097,10.663,10.16,3.407,4.157,11.184,0.66,1.551,1.046,10.049,5.0,2.955,0.381,0.17,0.06,0.089,0.232,50,walking,goat03,60001,1970-01-01 00:01:00.001
7,42.44,392.533,173.741,165.826,73.746,100.98,188.456,0.62,0.216,0.553,214.761,2.8,3.013,9.206,5.001,3.569,6.098,6.913,4.564,25.552,11.309,10.132,4.429,5.154,12.129,0.54,0.93,1.016,13.195,4.2,3.046,0.333,0.118,0.185,0.33,0.613,50,walking,goat03,70001,1970-01-01 00:01:10.001
8,46.775,409.996,187.532,184.357,93.261,126.905,209.026,0.56,-0.416,0.565,287.37,2.8,3.058,14.523,10.796,5.453,0.281,12.543,3.444,24.848,10.437,9.724,4.261,4.14,11.257,0.5,2.122,1.339,13.064,4.2,3.065,0.854,0.428,0.22,0.321,0.16,50,walking,goat03,80001,1970-01-01 00:01:20.001
9,13.805,557.856,183.997,170.495,108.213,129.628,212.91,0.4,1.346,1.054,338.887,0.2,3.078,30.839,23.705,10.732,16.106,17.689,4.606,21.416,11.014,10.347,3.802,4.154,11.639,0.5,0.691,0.926,11.126,3.4,2.996,0.462,0.238,0.458,0.685,0.648,50,walking,goat03,90001,1970-01-01 00:01:30.001
10,39.238,400.189,146.865,127.381,71.531,67.458,163.045,0.46,2.578,1.606,218.886,2.0,3.075,10.544,2.366,3.281,7.969,6.103,6.413,24.65,11.415,10.648,4.049,5.006,12.098,0.64,1.314,1.204,12.609,4.0,3.043,0.236,0.314,0.305,0.61,0.245,50,walking,goat03,100001,1970-01-01 00:01:40.001
11,13.021,270.522,100.915,87.023,64.389,97.76,119.36,0.36,-0.145,0.699,179.141,0.4,2.982,8.95,28.915,4.634,10.683,6.848,4.681,16.645,10.536,10.55,1.787,1.763,10.684,0.48,3.009,0.182,5.435,2.6,3.052,0.367,0.392,0.101,0.358,0.445,50,walking,goat03,110001,1970-01-01 00:01:50.001
12,28.663,537.687,207.209,183.371,126.049,149.094,241.881,0.6,0.576,1.072,375.309,0.2,3.019,36.785,22.531,20.179,12.305,9.137,3.265,30.7,11.585,10.636,5.22,3.955,12.685,0.46,2.594,1.386,15.337,4.0,3.029,0.491,0.821,0.778,0.641,0.552,50,walking,goat03,120001,1970-01-01 00:02:00.001
13,26.621,386.63,164.797,147.496,89.361,92.883,187.039,0.56,0.256,0.946,242.536,2.6,2.942,7.36,12.507,3.627,6.861,10.887,5.826,25.132,11.32,9.388,5.185,3.812,12.43,0.54,0.49,1.28,13.58,4.8,2.893,0.153,0.076,0.377,0.352,0.202,50,walking,goat03,130001,1970-01-01 00:02:10.001
14,16.699,459.329,120.78,79.856,90.539,92.616,150.403,0.42,2.578,1.553,278.432,0.4,3.06,13.298,26.353,6.635,3.629,0.942,5.884,24.327,11.231,9.943,3.765,4.406,11.833,0.5,1.455,1.271,10.629,4.4,2.967,0.248,0.233,0.218,0.1,0.181,50,walking,goat03,140001,1970-01-01 00:02:20.001
15,20.052,500.468,110.705,88.841,81.602,75.696,137.045,0.28,8.678,2.48,240.067,0.2,3.0,26.422,13.524,1.745,8.234,2.877,5.104,23.268,10.632,9.848,3.372,2.96,11.144,0.48,3.627,1.693,9.837,1.8,3.019,0.314,0.142,0.299,0.266,0.211,50,walking,goat03,150001,1970-01-01 00:02:30.001
16,11.882,284.21,132.505,131.004,61.606,102.218,145.866,0.46,-0.603,0.258,194.221,1.0,3.092,5.185,3.518,4.937,5.293,18.235,5.028,24.514,10.928,9.823,4.225,3.545,11.701,0.58,1.526,1.332,12.131,4.8,2.959,0.224,0.321,0.255,0.357,0.452,50,walking,goat03,160001,1970-01-01 00:02:40.001
17,11.733,341.313,135.33,129.931,64.677,74.307,149.712,0.5,0.673,0.686,205.047,2.6,3.074,10.85,8.286,4.869,9.565,8.331,6.047,21.769,10.544,9.209,3.643,4.264,11.143,0.5,1.716,1.448,10.617,5.0,2.939,0.236,0.153,0.375,0.33,0.157,50,walking,goat03,170001,1970-01-01 00:02:50.001
18,81.505,790.89,276.319,225.7,169.621,234.64,323.339,0.52,0.519,1.088,495.804,4.0,2.998,2.067,41.436,17.875,17.99,11.373,4.896,27.817,12.26,11.574,4.751,5.647,13.131,0.56,0.998,0.922,15.13,4.0,3.101,0.445,0.545,0.841,0.313,0.226,50,walking,goat03,180001,1970-01-01 00:03:00.001
19,5.987,377.319,172.874,158.612,85.983,121.053,192.693,0.54,-0.5,0.436,244.811,3.2,3.002,1.104,2.574,8.695,3.535,8.114,3.896,17.379,10.504,10.626,3.208,4.309,10.973,0.52,-0.568,0.176,10.052,3.8,3.084,0.612,0.294,0.51,0.404,0.372,50,walking,goat03,190001,1970-01-01 00:03:10.001
20,1.856,322.721,115.984,107.944,69.732,85.25,134.972,0.4,0.353,0.771,198.41,0.2,2.979,26.578,11.189,8.123,4.724,5.339,4.318,19.938,10.358,9.853,3.494,3.41,10.921,0.48,0.866,0.958,10.689,4.8,3.014,0.335,0.017,0.461,0.269,0.193,50,walking,goat03,200001,1970-01-01 00:03:20.001
21,25.904,365.11,158.722,151.057,77.154,99.509,176.143,0.46,0.064,0.691,255.342,0.4,3.151,13.914,17.222,10.023,6.594,7.987,4.751,20.472,10.52,9.717,3.617,4.649,11.113,0.48,0.552,0.954,10.92,2.4,3.051,0.465,0.222,0.28,0.362,0.273,50,walking,goat03,210001,1970-01-01 00:03:30.001
22,6.78,449.497,160.052,131.856,98.516,107.142,187.425,0.42,1.022,1.116,322.461,2.8,3.13,6.163,16.295,12.856,15.787,18.025,4.581,22.998,11.023,10.175,3.614,4.031,11.589,0.62,1.564,1.074,11.121,4.6,3.048,0.35,0.42,0.533,0.669,0.346,50,walking,goat03,220001,1970-01-01 00:03:40.001
23,30.243,568.571,201.086,183.634,111.927,157.718,229.593,0.5,1.154,0.991,335.709,1.4,3.018,8.745,9.11,19.072,9.638,5.962,3.114,27.105,11.217,10.727,4.491,3.7,12.066,0.58,1.978,1.212,13.669,4.8,3.042,0.088,0.745,0.128,0.421,0.273,50,walking,goat03,230001,1970-01-01 00:03:50.001
24,12.092,251.861,99.407,81.983,61.355,79.088,116.494,0.46,0.174,0.939,204.471,4.8,3.159,10.432,11.377,4.235,5.163,8.966,7.053,17.204,10.208,10.417,1.927,1.975,10.385,0.56,2.148,1.017,5.906,4.0,3.038,0.234,0.047,0.125,0.15,0.076,50,walking,goat03,240001,1970-01-01 00:04:00.001
25,41.402,367.47,145.587,137.454,74.243,99.689,163.086,0.5,0.404,0.926,222.511,4.6,3.038,21.648,18.74,5.135,4.626,4.078,3.962,20.97,10.656,9.799,3.626,4.117,11.245,0.7,0.221,0.813,10.072,4.6,2.931,0.126,0.37,0.146,0.112,0.239,50,walking,goat03,250001,1970-01-01 00:04:10.001
26,18.086,364.861,128.625,112.177,87.17,119.118,154.89,0.2,0.733,1.074,268.642,0.2,3.076,33.392,16.924,6.119,14.585,13.694,5.565,20.114,9.76,9.379,2.762,2.658,10.136,0.62,2.915,1.33,8.211,4.6,3.019,0.135,0.104,0.224,0.506,0.21,50,walking,goat03,260001,1970-01-01 00:04:20.001
27,10.554,209.478,87.34,80.482,40.304,51.562,96.022,0.38,0.399,0.489,131.661,0.4,3.126,9.611,9.764,8.912,3.177,4.598,4.908,18.666,10.102,10.013,2.484,2.147,10.397,0.68,2.185,0.963,7.519,4.6,3.054,0.221,0.113,0.228,0.153,0.138,50,walking,goat03,270001,1970-01-01 00:04:30.001
28,11.093,357.983,124.059,106.372,80.863,96.812,147.644,0.54,0.499,0.921,250.342,2.4,3.084,20.665,12.024,12.376,5.868,4.801,5.411,22.716,10.346,9.666,3.455,3.322,10.896,0.54,2.698,1.468,10.931,2.6,3.072,0.201,0.294,0.488,0.294,0.156,50,walking,goat03,280001,1970-01-01 00:04:40.001
29,35.16,488.247,160.948,124.786,125.601,116.976,203.383,0.48,0.35,1.216,373.593,1.2,3.009,27.564,23.966,16.445,14.658,15.031,5.411,24.849,10.714,9.667,3.659,4.647,11.31,0.74,2.75,1.383,11.579,4.8,3.066,0.514,0.491,0.208,0.097,0.288,50,walking,goat03,290001,1970-01-01 00:04:50.001
30,25.64,219.969,109.43,104.902,50.653,64.627,120.372,0.5,-0.506,0.378,156.692,5.0,3.021,12.876,4.853,0.779,10.426,2.646,5.578,19.59,10.736,9.84,3.274,1.943,11.215,0.54,1.247,1.39,9.859,4.8,3.022,0.247,0.177,0.15,0.258,0.093,50,walking,goat03,300001,1970-01-01 00:05:00.001
31,19.094,340.012,107.34,100.421,61.773,71.941,123.538,0.38,3.467,1.598,183.264,0.2,3.023,21.245,4.059,12.024,6.616,5.941,4.335,21.954,10.509,9.787,3.345,2.036,11.018,0.6,3.53,1.81,10.251,4.6,3.034,0.363,0.437,0.149,0.582,0.563,50,walking,goat03,310001,1970-01-01 00:05:10.001
32,13.758,204.954,95.856,93.287,45.789,62.744,106.033,0.46,-0.573,0.372,143.958,1.4,3.101,9.518,6.298,7.738,7.086,10.575,6.769,18.261,10.346,9.826,2.151,2.707,10.563,0.64,2.14,1.102,5.947,4.0,2.976,0.124,0.067,0.076,0.094,0.182,50,walking,goat03,320001,1970-01-01 00:05:20.001
33,7.162,159.579,63.027,50.694,39.631,55.272,74.24,0.42,-0.266,0.77,120.661,0.4,3.053,5.234,10.02,8.594,9.149,3.585,7.67,13.414,10.237,10.104,1.201,1.335,10.306,0.48,0.375,0.373,3.419,1.6,2.973,0.088,0.139,0.116,0.057,0.045,50,walking,goat03,330001,1970-01-01 00:05:30.001
34,18.24,432.718,132.852,111.99,88.763,124.211,159.283,0.24,1.169,1.018,257.857,0.2,3.027,36.549,17.665,18.167,4.453,13.267,3.674,30.594,10.86,9.942,4.912,2.483,11.899,0.48,4.828,2.038,15.689,2.2,3.108,0.571,0.38,0.273,0.241,0.335,50,walking,goat03,340001,1970-01-01 00:05:40.001
35,10.918,228.217,102.693,97.821,59.014,81.527,118.148,0.54,-0.7,0.47,179.072,4.8,3.058,16.41,9.049,9.089,4.126,1.678,5.347,17.715,10.345,10.359,2.019,2.317,10.537,0.66,3.0,0.822,5.698,3.8,2.967,0.111,0.051,0.15,0.007,0.068,50,walking,goat03,350001,1970-01-01 00:05:50.001
36,19.825,289.956,88.442,85.095,49.457,57.168,101.09,0.38,4.245,1.616,158.007,0.2,3.079,14.219,8.622,10.245,5.454,6.644,4.979,16.516,10.248,10.125,1.893,1.764,10.418,0.56,1.993,0.477,6.007,4.6,3.082,0.21,0.068,0.112,0.084,0.179,50,walking,goat03,360001,1970-01-01 00:06:00.001
37,9.096,357.923,115.424,106.335,68.515,90.267,133.877,0.46,1.526,1.009,223.141,0.2,3.125,17.841,10.157,4.372,14.066,11.957,5.946,18.191,10.286,9.527,2.599,3.013,10.603,0.7,0.911,1.003,8.07,5.0,2.992,0.233,0.205,0.183,0.227,0.094,50,walking,goat03,370001,1970-01-01 00:06:10.001
38,8.618,123.913,58.91,56.383,28.702,43.833,65.405,0.4,-0.522,0.379,86.145,0.8,3.044,3.142,4.074,8.879,9.137,5.462,8.165,13.276,10.181,10.073,0.997,1.128,10.229,0.38,0.555,0.522,3.228,3.2,3.123,0.073,0.061,0.063,0.217,0.07,50,walking,goat03,380001,1970-01-01 00:06:20.001
39,27.709,401.333,159.624,139.528,88.973,115.013,182.312,0.52,0.128,0.842,287.784,3.4,3.11,13.907,19.617,8.282,12.78,8.455,4.81,20.581,10.455,10.005,3.297,2.7,10.953,0.56,2.359,1.403,10.402,5.0,3.05,0.051,0.347,0.143,0.268,0.24,50,walking,goat03,390001,1970-01-01 00:06:30.001
40,39.652,492.241,163.288,142.107,97.975,105.692,189.921,0.48,1.929,1.355,315.808,3.0,3.116,20.841,21.065,18.979,7.899,11.014,5.93,18.748,11.096,10.766,2.942,3.234,11.472,0.5,-0.076,0.498,9.037,5.0,3.018,0.203,0.427,0.232,0.126,0.34,50,walking,goat03,400001,1970-01-01 00:06:40.001
41,8.064,325.631,89.017,81.558,60.17,69.226,107.107,0.3,3.073,1.32,189.119,2.4,3.101,16.255,4.421,7.342,6.587,9.335,7.132,18.305,10.385,10.384,1.725,1.754,10.524,0.58,7.288,1.786,5.598,3.6,3.126,0.175,0.178,0.033,0.218,0.139,50,walking,goat03,410001,1970-01-01 00:06:50.001
42,30.207,358.909,131.098,107.132,68.597,83.028,147.642,0.42,1.387,1.194,222.837,2.6,3.102,10.321,12.006,3.966,15.297,2.247,5.482,25.828,10.68,9.457,4.06,5.164,11.411,0.66,2.345,1.386,12.316,4.8,3.047,0.329,0.212,0.284,0.486,0.306,50,walking,goat03,420001,1970-01-01 00:07:00.001
43,25.783,278.242,129.635,121.746,51.64,65.622,139.35,0.6,0.624,0.622,162.219,4.4,3.095,4.013,5.743,2.762,3.927,5.521,5.918,21.244,10.513,9.743,3.311,4.046,11.012,0.64,1.676,1.263,9.182,4.6,2.967,0.122,0.065,0.325,0.412,0.229,50,walking,goat03,430001,1970-01-01 00:07:10.001
44,18.86,263.994,107.548,93.233,61.766,73.464,123.714,0.4,0.096,0.992,180.873,0.2,3.012,23.425,4.392,6.583,1.819,5.45,6.566,21.123,10.358,9.864,3.032,2.431,10.784,0.64,3.917,1.929,9.782,5.0,3.05,0.265,0.15,0.108,0.307,0.162,50,walking,goat03,440001,1970-01-01 00:07:20.001
45,4.892,348.684,135.08,127.376,61.686,57.966,148.242,0.58,3.159,1.372,190.364,5.0,3.021,5.524,3.884,3.288,7.876,4.288,5.901,24.944,11.59,9.911,4.407,5.896,12.384,0.58,0.206,0.989,11.864,5.0,2.804,0.202,0.196,0.228,0.18,0.154,50,walking,goat03,450001,1970-01-01 00:07:30.001
46,31.204,252.195,89.92,75.41,47.44,43.114,101.445,0.42,3.294,1.777,156.192,0.2,3.149,12.06,8.675,6.264,4.176,3.346,7.941,13.129,10.24,9.947,1.085,1.719,10.296,0.58,-0.336,0.268,3.356,4.0,3.074,0.137,0.079,0.058,0.057,0.1,50,walking,goat03,460001,1970-01-01 00:07:40.001
47,11.552,150.555,59.899,53.948,28.893,38.181,66.378,0.46,0.884,0.883,96.418,5.0,3.122,3.459,4.431,0.364,2.876,3.409,8.022,12.02,10.101,10.157,0.99,1.467,10.148,0.56,-0.914,0.095,3.073,3.4,3.075,0.1,0.042,0.099,0.076,0.092,50,walking,goat03,470001,1970-01-01 00:07:50.001
48,11.22,303.923,98.608,79.298,61.218,63.747,115.742,0.28,1.641,1.406,185.482,1.0,3.03,13.694,9.915,11.991,9.038,14.14,6.525,19.512,10.183,9.379,2.776,2.653,10.547,0.58,2.308,1.524,8.213,4.2,3.03,0.18,0.142,0.193,0.102,0.436,50,walking,goat03,480001,1970-01-01 00:08:00.001
49,26.351,182.884,91.13,82.298,43.573,67.35,100.824,0.42,-0.609,0.555,140.702,0.4,3.122,8.317,11.589,2.614,4.303,1.894,7.096,18.731,10.628,10.274,2.24,2.111,10.857,0.58,2.838,1.432,7.012,3.8,3.088,0.329,0.085,0.148,0.291,0.134,50,walking,goat03,490001,1970-01-01 00:08:10.001
50,28.927,315.221,122.677,100.37,73.797,89.434,142.782,0.22,0.013,0.91,215.096,0.2,3.039,32.208,8.454,13.044,12.568,10.227,6.229,25.504,10.7,10.086,3.379,2.734,11.211,0.52,6.755,2.281,11.352,5.0,3.135,0.633,0.474,0.487,0.623,0.24,50,walking,goat03,500001,1970-01-01 00:08:20.001
51,29.744,382.22,181.67,173.873,85.925,103.563,200.597,0.48,0.073,0.646,275.61,1.4,3.103,9.324,13.891,7.11,14.227,11.436,4.52,28.351,11.297,10.203,5.138,4.12,12.39,0.56,1.733,1.436,16.489,4.8,3.122,0.553,0.117,0.596,0.456,0.59,50,walking,goat03,510001,1970-01-01 00:08:30.001
52,30.59,345.954,130.109,112.86,73.076,74.307,148.868,0.54,0.953,1.229,230.67,4.6,3.096,11.87,16.551,9.996,13.345,14.093,6.857,18.386,10.394,10.107,2.383,2.252,10.659,0.58,2.464,1.393,7.577,5.0,3.051,0.156,0.146,0.216,0.037,0.221,50,walking,goat03,520001,1970-01-01 00:08:40.001
53,23.939,281.464,125.785,119.408,58.564,76.636,138.503,0.48,-0.126,0.452,189.941,1.8,3.124,6.503,10.826,4.973,6.702,8.534,5.996,21.053,10.393,9.616,3.511,3.341,10.959,0.52,1.574,1.453,11.003,5.0,3.019,0.335,0.349,0.146,0.296,0.272,50,walking,goat03,530001,1970-01-01 00:08:50.001
54,30.226,380.118,155.852,154.111,70.814,88.226,170.893,0.4,0.818,0.856,228.6,2.2,3.116,12.03,9.59,3.155,12.588,5.422,3.635,20.064,10.599,10.255,3.614,3.166,11.187,0.64,0.749,0.9,11.578,4.6,3.094,0.087,0.247,0.403,0.493,0.431,50,walking,goat03,540001,1970-01-01 00:09:00.001
55,17.517,419.561,89.216,78.429,66.366,64.584,110.797,0.34,10.979,2.838,207.349,4.2,3.078,8.009,11.917,14.194,8.236,10.338,7.409,13.479,10.305,10.082,1.372,1.582,10.394,0.52,0.037,0.578,4.009,3.6,3.013,0.136,0.2,0.101,0.105,0.193,50,walking,goat03,550001,1970-01-01 00:09:10.001
56,38.992,336.046,141.073,127.971,69.952,88.877,157.152,0.5,0.468,0.946,216.304,2.4,3.083,4.821,3.489,8.039,3.725,7.359,5.77,19.984,10.822,10.074,3.15,4.116,11.262,0.48,1.004,1.1,9.522,2.4,3.001,0.033,0.532,0.406,0.117,0.32,50,walking,goat03,560001,1970-01-01 00:09:20.001
57,15.028,218.178,70.205,61.391,47.822,52.1,84.675,0.26,1.84,1.427,143.557,0.4,3.069,5.668,17.321,2.827,4.964,14.342,8.693,14.704,10.686,10.404,1.261,1.548,10.758,0.6,0.693,0.818,3.841,4.6,3.057,0.165,0.04,0.144,0.149,0.137,50,walking,goat03,570001,1970-01-01 00:09:30.001
58,21.982,658.593,141.8,119.955,109.151,88.784,178.277,0.32,8.549,2.464,341.361,0.2,3.095,36.049,16.009,16.092,11.317,18.335,3.419,20.45,10.499,9.867,2.905,3.273,10.886,0.66,2.017,0.867,8.818,4.2,3.071,0.392,0.433,0.214,0.095,0.167,50,walking,goat03,580001,1970-01-01 00:09:40.001
59,27.394,772.526,228.133,189.216,146.83,96.175,270.504,0.5,4.99,2.16,419.815,0.2,2.985,51.831,31.04,6.762,17.329,10.384,3.889,30.762,12.008,10.756,5.647,5.061,13.246,0.54,2.054,1.423,16.527,4.0,3.0,1.095,0.358,0.135,0.301,0.296,50,walking,goat03,590001,1970-01-01 00:09:50.001
60,42.676,385.455,168.27,149.066,76.846,83.545,184.667,0.52,0.831,0.97,239.433,0.4,3.071,12.007,20.702,5.722,3.004,2.008,4.761,23.207,11.109,9.786,4.107,4.853,11.829,0.58,0.86,1.149,12.934,4.6,3.091,0.144,0.67,0.416,0.217,0.656,50,walking,goat03,600001,1970-01-01 00:10:00.001
61,55.137,416.371,177.003,149.589,75.058,106.802,191.966,0.58,0.53,0.944,220.435,4.6,2.998,1.824,10.276,5.254,9.76,6.036,4.176,22.792,11.286,10.698,4.077,5.321,11.986,0.6,0.626,0.974,11.473,4.6,2.993,0.258,0.253,0.316,0.457,0.323,50,walking,goat03,610001,1970-01-01 00:10:10.001
62,11.508,374.79,169.94,163.246,85.708,105.435,189.944,0.46,-0.386,0.492,263.715,2.2,3.082,7.844,13.605,4.755,13.56,7.192,4.443,23.156,11.502,9.239,5.008,6.264,12.525,0.68,-0.376,0.856,12.933,4.8,2.885,0.258,0.264,0.154,0.509,0.182,50,walking,goat03,620001,1970-01-01 00:10:20.001
63,33.161,314.458,140.211,135.724,69.934,106.827,156.372,0.34,-0.187,0.583,210.959,0.2,3.038,20.77,16.231,10.299,14.13,12.863,5.63,24.279,11.043,9.732,3.797,2.891,11.665,0.38,2.905,1.65,12.082,2.6,3.094,0.657,0.449,0.461,0.434,0.704,50,walking,goat03,630001,1970-01-01 00:10:30.001
64,10.926,426.67,143.527,122.28,91.829,105.372,169.894,0.54,1.367,1.198,300.577,4.4,3.143,11.755,13.957,6.208,13.135,7.638,4.324,22.127,10.681,10.304,3.837,4.241,11.336,0.62,1.048,0.96,11.668,3.6,3.051,0.581,0.24,0.393,0.525,0.174,50,walking,goat03,640001,1970-01-01 00:10:40.001
65,27.274,346.181,163.916,140.916,79.764,116.931,181.944,0.34,-0.657,0.515,247.629,0.4,3.082,5.049,21.8,12.13,5.958,15.858,4.531,22.644,10.627,9.615,3.727,3.32,11.249,0.6,1.781,1.267,12.044,5.0,3.064,0.237,0.073,0.391,0.205,0.384,50,walking,goat03,650001,1970-01-01 00:10:50.001
66,24.282,377.737,129.046,117.579,79.121,77.167,150.957,0.42,2.416,1.477,236.101,0.4,3.022,21.779,27.023,4.202,8.474,3.838,0.749,22.525,10.194,10.186,3.17,2.591,10.666,0.6,4.49,0.696,9.96,3.0,3.104,0.237,0.52,0.327,0.543,0.147,50,walking,goat03,660001,1970-01-01 00:11:00.001
67,2.857,627.034,138.642,112.084,125.278,100.652,186.017,0.24,4.453,1.987,367.173,0.4,3.003,28.291,40.629,8.823,24.73,9.831,6.567,23.797,11.26,10.366,3.613,3.236,11.815,0.62,2.542,1.603,11.4,4.8,3.079,0.631,0.306,0.247,0.214,0.545,50,walking,goat03,670001,1970-01-01 00:11:10.001
68,13.516,302.325,104.803,100.196,55.54,77.989,118.35,0.4,1.784,1.038,171.553,1.0,3.083,2.791,5.016,1.555,7.857,18.806,6.364,19.123,10.453,9.869,2.144,2.844,10.667,0.58,3.601,1.37,6.264,4.0,2.988,0.018,0.13,0.175,0.045,0.136,50,walking,goat03,680001,1970-01-01 00:11:20.001
69,14.378,263.375,118.175,113.435,53.463,71.165,129.486,0.64,-0.017,0.455,160.344,4.6,3.049,12.597,4.113,3.15,7.509,1.67,6.302,18.176,10.63,10.265,3.017,3.538,11.042,0.76,0.074,0.779,8.075,4.6,2.906,0.046,0.069,0.153,0.171,0.096,50,walking,goat03,690001,1970-01-01 00:11:30.001
70,7.061,311.265,128.834,113.905,71.541,66.599,147.017,0.58,0.545,0.975,222.882,4.8,3.074,5.172,4.054,3.418,11.685,6.894,6.65,17.635,10.725,9.617,3.067,4.033,11.146,0.8,-0.584,0.717,8.892,4.8,3.001,0.11,0.184,0.366,0.177,0.226,50,walking,goat03,700001,1970-01-01 00:11:40.001
71,50.182,442.111,136.586,125.156,80.591,90.367,158.179,0.48,4.267,1.883,243.31,3.4,3.02,6.386,6.774,18.335,15.311,11.151,6.39,22.491,11.341,9.592,4.265,4.626,12.101,0.66,0.332,1.121,10.909,4.8,2.895,0.274,0.293,0.119,0.31,0.243,50,walking,goat03,710001,1970-01-01 00:11:50.001
72,23.918,540.363,120.818,107.709,85.5,64.246,147.517,0.58,9.976,2.638,279.665,5.0,3.092,4.812,10.485,4.26,5.811,9.322,6.688,21.377,10.649,9.756,3.15,3.22,11.097,0.66,2.384,1.532,9.351,5.0,2.96,0.252,0.169,0.125,0.19,0.103,50,walking,goat03,720001,1970-01-01 00:12:00.001
73,22.699,387.29,112.436,95.748,67.035,72.254,130.559,0.36,4.088,1.642,201.5,0.6,3.043,20.034,13.264,20.616,12.566,8.514,3.763,17.808,10.391,9.852,2.439,1.899,10.668,0.48,2.411,0.923,8.031,4.6,3.135,0.33,0.376,0.196,0.141,0.308,50,walking,goat03,730001,1970-01-01 00:12:10.001
74,11.921,859.864,222.91,172.548,169.012,195.096,278.716,0.5,2.633,1.542,539.266,0.4,3.105,3.935,42.668,19.54,29.773,16.894,3.382,34.135,12.459,10.937,6.522,7.868,14.032,0.52,1.167,1.173,19.638,3.6,3.033,0.469,1.108,0.898,0.265,0.228,50,walking,goat03,740001,1970-01-01 00:12:20.001
75,35.423,423.761,152.519,134.069,84.811,96.902,174.1,0.32,2.094,1.402,251.075,0.2,3.027,25.765,16.781,12.573,24.766,16.369,6.147,21.357,10.795,10.055,3.096,3.486,11.222,0.48,1.427,1.036,9.346,2.6,3.026,0.452,0.049,0.092,0.419,0.162,50,walking,goat03,750001,1970-01-01 00:12:30.001
76,18.782,551.895,117.587,92.506,114.7,89.389,163.461,0.18,7.617,2.785,338.784,0.4,3.01,35.549,36.3,13.906,26.16,16.578,1.892,21.587,10.079,9.977,3.219,1.675,10.57,0.52,5.548,1.078,9.007,4.8,2.878,0.249,0.265,0.15,0.142,0.209,50,walking,goat03,760001,1970-01-01 00:12:40.001
77,21.09,418.562,104.994,94.192,64.707,74.964,122.992,0.38,9.013,2.263,207.881,0.2,3.121,17.819,8.691,12.499,11.704,14.125,4.78,25.506,10.825,10.037,3.581,2.484,11.39,0.52,5.033,1.89,11.171,5.0,3.036,0.381,0.096,0.307,0.236,0.117,50,walking,goat03,770001,1970-01-01 00:12:50.001
78,25.2,281.229,156.23,145.734,62.103,83.755,167.891,0.46,-0.44,0.229,204.603,2.6,3.127,5.551,6.011,4.417,6.446,14.568,4.058,24.003,11.261,10.378,4.744,5.494,12.201,0.54,0.143,0.837,14.938,5.0,3.03,0.401,0.344,0.103,0.251,0.341,50,walking,goat03,780001,1970-01-01 00:13:00.001
79,24.371,330.138,115.289,97.842,67.529,80.044,133.268,0.42,0.698,1.014,197.099,1.2,3.017,19.134,11.782,3.517,5.003,1.435,4.055,19.536,10.386,10.278,3.296,3.135,10.887,0.7,0.63,0.77,9.436,4.4,2.992,0.318,0.246,0.054,0.189,0.389,50,walking,goat03,790001,1970-01-01 00:13:10.001
80,14.183,300.996,111.924,99.684,64.962,58.681,129.084,0.42,0.411,0.827,176.015,0.2,2.929,27.463,7.036,3.929,8.409,2.003,5.008,19.238,10.236,9.813,2.544,2.156,10.541,0.52,2.862,1.363,7.647,2.6,2.996,0.356,0.238,0.203,0.053,0.145,50,walking,goat03,800001,1970-01-01 00:13:20.001
81,20.22,446.289,174.718,150.488,88.1,77.279,195.276,0.3,1.316,1.016,275.167,0.2,3.087,23.965,6.483,6.472,11.35,6.666,4.358,29.04,11.514,10.136,5.639,4.956,12.796,0.54,1.253,1.292,16.151,4.2,2.974,0.685,0.222,0.142,0.601,1.462,50,walking,goat03,810001,1970-01-01 00:13:30.001
82,12.973,402.697,102.228,86.842,73.695,73.03,125.59,0.32,4.202,1.751,223.242,0.2,3.053,21.451,11.028,19.325,4.08,3.595,5.834,14.557,10.153,9.99,1.825,2.502,10.313,0.58,0.084,0.3,5.69,3.4,3.083,0.348,0.128,0.202,0.151,0.13,50,walking,goat03,820001,1970-01-01 00:13:40.001
83,44.627,433.92,165.733,142.983,96.291,98.145,191.191,0.24,0.819,1.182,307.49,0.2,3.108,28.617,17.876,11.899,15.918,6.498,3.812,25.171,11.099,10.35,4.496,4.447,11.958,0.5,1.203,1.04,13.396,2.8,3.037,0.971,0.274,0.56,0.31,0.165,50,walking,goat03,830001,1970-01-01 00:13:50.001
84,9.555,292.616,125.046,121.819,60.15,75.548,138.499,0.58,0.224,0.56,198.305,5.0,3.113,5.671,14.026,12.375,3.247,9.151,4.649,18.949,10.298,10.533,2.59,2.908,10.613,0.48,2.575,0.981,7.742,3.2,3.012,0.126,0.304,0.061,0.161,0.534,50,walking,goat03,840001,1970-01-01 00:14:00.001
85,38.691,229.631,129.756,118.807,56.411,96.116,141.263,0.42,-1.114,0.313,177.89,2.6,3.081,11.059,4.511,8.049,6.532,1.212,5.698,17.564,10.232,9.817,2.783,3.237,10.596,0.56,0.227,0.698,8.118,2.4,3.034,0.222,0.34,0.232,0.204,0.242,50,walking,goat03,850001,1970-01-01 00:14:10.001
86,57.774,411.336,171.097,148.216,88.594,113.293,192.266,0.5,-0.167,0.859,231.293,3.0,2.891,8.259,8.064,1.807,1.882,4.747,5.027,21.518,11.181,10.499,4.047,3.544,11.878,0.56,1.144,1.202,11.556,4.2,2.944,0.166,0.273,0.054,0.082,0.74,50,walking,goat03,860001,1970-01-01 00:14:20.001
87,21.276,222.964,100.483,91.709,49.707,55.623,111.884,0.4,-0.037,0.813,157.67,0.2,3.081,12.61,9.405,8.718,10.493,6.127,5.887,17.58,10.515,10.109,2.393,2.305,10.779,0.62,1.205,1.086,7.548,3.8,3.061,0.151,0.168,0.163,0.122,0.129,50,walking,goat03,870001,1970-01-01 00:14:30.001
88,11.665,431.196,116.701,88.323,90.444,103.116,147.09,0.4,1.507,1.278,277.623,0.2,3.056,23.994,17.491,3.231,8.244,17.24,7.798,19.907,10.706,10.041,2.39,1.789,10.964,0.5,4.678,2.077,8.035,5.0,3.137,0.261,0.284,0.26,0.333,0.38,50,walking,goat03,880001,1970-01-01 00:14:40.001
89,39.839,294.736,136.404,126.468,69.0,121.069,152.551,0.44,-0.751,0.521,200.25,1.2,2.992,16.696,7.955,0.685,12.142,12.72,5.619,27.481,10.189,9.358,3.836,3.366,10.874,0.6,7.454,2.375,12.12,4.2,3.089,0.225,0.182,0.103,0.414,0.729,50,walking,goat03,890001,1970-01-01 00:14:50.001
90,11.782,452.553,164.975,161.056,92.824,111.438,188.841,0.5,0.75,0.811,290.883,0.2,3.078,23.007,7.861,11.022,15.485,8.858,4.344,25.561,10.62,10.042,3.785,3.451,11.262,0.48,4.8,1.924,12.693,1.2,3.168,0.513,0.637,0.587,0.707,0.641,50,walking,goat03,900001,1970-01-01 00:15:00.001
91,30.057,410.022,157.112,144.259,91.597,124.727,181.401,0.38,0.196,0.872,253.06,0.2,2.965,43.932,13.765,4.384,3.596,8.101,4.444,26.196,10.646,9.4,4.387,3.832,11.498,0.56,3.643,1.835,13.623,3.6,3.072,0.288,0.521,0.738,0.371,0.117,50,walking,goat03,910001,1970-01-01 00:15:10.001
92,27.846,222.156,122.651,123.725,48.229,71.152,131.616,0.62,-0.781,0.103,144.41,4.8,3.041,11.863,5.247,7.496,1.581,2.927,4.827,22.98,10.757,9.029,4.279,4.331,11.561,0.54,1.292,1.406,13.071,2.6,3.041,0.406,0.176,0.332,0.198,0.491,50,walking,goat03,920001,1970-01-01 00:15:20.001
93,56.211,423.795,156.701,146.799,71.745,77.775,172.045,0.66,3.85,1.589,205.9,4.2,3.006,8.253,9.496,9.367,5.204,2.854,4.063,21.194,10.932,9.199,4.489,4.599,11.8,0.6,-0.264,0.87,13.057,4.4,2.989,0.093,0.235,0.453,0.41,0.362,50,walking,goat03,930001,1970-01-01 00:15:30.001
94,44.498,497.75,220.47,207.681,79.399,77.86,234.062,0.5,1.736,0.8,234.443,0.2,2.991,23.182,9.209,13.3,15.468,2.036,4.003,26.638,11.683,9.928,5.412,7.146,12.852,0.62,-0.092,0.878,12.736,3.8,2.775,0.225,0.592,0.004,1.466,0.483,50,walking,goat03,940001,1970-01-01 00:15:40.001
95,31.634,258.679,106.484,100.425,46.085,57.629,115.845,0.42,1.082,0.878,139.681,0.4,3.05,4.44,11.872,5.788,1.563,11.686,7.141,18.48,10.068,9.927,1.914,1.906,10.245,0.64,5.941,1.82,5.746,3.8,3.042,0.129,0.23,0.201,0.145,0.193,50,walking,goat03,950001,1970-01-01 00:15:50.001
96,21.445,380.313,108.565,101.148,65.844,70.504,126.63,0.44,4.109,1.56,203.111,0.4,3.078,15.34,20.648,5.428,6.556,14.188,6.103,18.879,10.299,10.107,2.175,2.142,10.521,0.58,3.362,1.189,6.739,3.0,3.087,0.068,0.212,0.173,0.299,0.141,50,walking,goat03,960001,1970-01-01 00:16:00.001
97,17.954,250.538,111.756,111.32,46.595,68.691,120.901,0.5,0.332,0.468,151.922,3.6,3.135,9.265,8.552,2.43,6.859,8.182,6.924,21.829,11.344,10.3,3.774,3.699,11.943,0.5,0.762,1.29,10.939,5.0,2.927,0.517,0.352,0.182,0.35,0.269,50,walking,goat03,970001,1970-01-01 00:16:10.001
98,8.804,222.735,94.634,86.111,47.928,65.636,105.862,0.44,0.126,0.748,141.768,3.8,3.019,8.881,7.46,7.086,5.988,13.296,6.695,20.233,10.276,9.894,2.652,2.034,10.606,0.5,3.64,1.744,8.273,5.0,3.029,0.056,0.128,0.136,0.182,0.123,50,walking,goat03,980001,1970-01-01 00:16:20.001
99,41.491,292.36,140.763,133.987,55.764,70.822,151.201,0.52,0.232,0.751,167.473,0.8,2.999,3.858,0.137,3.896,15.438,3.882,6.037,22.614,10.882,9.312,4.106,3.845,11.616,0.54,1.113,1.399,11.829,4.6,2.982,0.201,0.235,0.336,0.254,0.147,50,walking,goat03,990001,1970-01-01 00:16:30.001
100,3.241,181.313,44.462,26.041,44.528,41.267,62.609,0.16,0.96,1.389,104.201,0.2,2.774,21.642,11.068,9.896,8.845,9.584,8.759,11.478,9.896,9.97,0.403,0.299,9.904,0.54,4.604,0.41,1.332,5.0,3.115,0.067,0.035,0.041,0.023,0.052,50,standing,goat03,3610401,1970-01-01 01:00:10.401
101,1.355,140.933,26.674,10.336,35.525,22.192,44.14,0.08,2.43,1.855,89.819,0.2,2.885,15.88,11.494,4.028,2.35,5.42,8.384,10.908,9.873,9.921,0.452,0.402,9.883,0.46,1.509,-0.462,1.46,1.2,3.125,0.041,0.036,0.086,0.091,0.1,50,standing,goat03,3620401,1970-01-01 01:00:20.401
102,1.176,18.449,5.674,4.804,3.827,3.692,6.822,0.32,2.338,1.588,10.852,0.2,2.991,1.438,1.145,0.754,0.719,0.575,9.174,10.574,10.015,9.999,0.246,0.244,10.018,0.58,1.675,-0.391,0.774,3.8,3.103,0.029,0.016,0.021,0.036,0.03,50,standing,goat03,3630401,1970-01-01 01:00:30.401
103,0.386,73.002,11.966,6.129,14.795,11.825,18.913,0.2,5.305,2.254,39.073,0.4,2.887,4.479,5.714,2.809,3.158,2.387,9.124,10.483,9.904,9.907,0.24,0.209,9.907,0.6,2.245,-0.818,0.767,4.4,3.106,0.015,0.021,0.028,0.008,0.022,50,standing,goat03,3640401,1970-01-01 01:00:40.401
104,1.204,25.889,4.837,3.196,4.511,3.376,6.583,0.14,8.221,2.628,13.397,0.4,3.022,1.262,1.269,1.257,0.584,0.835,9.631,10.174,9.971,9.989,0.124,0.159,9.972,0.5,0.364,-0.796,0.368,4.8,3.036,0.027,0.023,0.028,0.008,0.017,50,standing,goat03,3650401,1970-01-01 01:00:50.401
105,1.241,93.733,13.206,7.352,17.951,6.754,22.141,0.08,10.285,3.177,47.551,0.2,2.893,6.367,5.778,5.025,3.497,3.018,9.024,11.245,10.047,10.029,0.281,0.143,10.051,0.58,8.827,0.938,0.856,2.8,3.041,0.012,0.006,0.026,0.013,0.034,50,standing,goat03,3660401,1970-01-01 01:01:00.401
106,0.149,47.543,6.777,1.664,11.679,3.094,13.401,0.04,4.695,2.383,26.604,0.2,2.734,5.007,4.253,3.175,2.152,1.632,9.698,10.145,10.012,10.018,0.074,0.089,10.013,0.28,4.792,-1.428,0.215,0.8,3.018,0.011,0.017,0.003,0.027,0.011,50,standing,goat03,3670401,1970-01-01 01:01:10.401
107,0.591,93.459,20.689,7.427,24.382,27.237,31.79,0.08,0.735,1.348,48.203,0.4,2.617,3.461,13.941,2.465,7.121,2.185,9.269,11.436,10.003,9.996,0.296,0.091,10.007,0.76,10.323,1.717,0.936,4.6,3.086,0.016,0.021,0.021,0.032,0.033,50,standing,goat03,3680401,1970-01-01 01:01:20.401
108,0.061,10.403,2.094,1.697,1.9,1.171,2.815,0.34,7.892,2.701,5.916,1.0,3.077,0.409,0.432,0.302,0.379,0.522,9.771,10.245,10.004,9.996,0.066,0.049,10.005,0.46,4.726,0.311,0.195,1.8,2.997,0.007,0.004,0.002,0.005,0.002,50,standing,goat03,3690401,1970-01-01 01:01:30.401
109,0.468,37.02,5.73,2.809,7.525,4.482,9.398,0.08,5.706,2.397,18.806,0.2,2.861,3.411,2.215,1.779,1.562,1.097,9.393,10.149,9.937,9.968,0.134,0.077,9.938,0.42,6.393,-2.263,0.424,0.2,3.086,0.034,0.022,0.02,0.014,0.018,50,standing,goat03,3700401,1970-01-01 01:01:40.401
110,0.448,140.35,15.163,6.962,24.728,11.757,28.795,0.2,12.306,3.295,68.931,0.4,2.914,3.655,7.261,6.414,4.015,5.891,8.854,11.744,10.03,9.994,0.413,0.214,10.038,0.54,6.472,1.513,1.3,3.8,3.098,0.028,0.047,0.021,0.027,0.051,50,standing,goat03,3710401,1970-01-01 01:01:50.401
111,0.492,22.559,5.136,2.91,5.544,4.484,7.517,0.18,2.726,1.865,15.076,0.6,2.938,0.692,1.506,1.89,0.385,1.825,9.038,10.645,10.089,10.089,0.195,0.085,10.09,0.5,16.346,-2.633,0.634,4.4,3.131,0.018,0.014,0.019,0.025,0.02,50,standing,goat03,3720401,1970-01-01 01:02:00.401
112,0.628,17.577,3.752,2.429,3.933,2.534,5.407,0.18,5.163,2.376,9.205,0.2,2.7,1.499,1.088,1.342,0.859,0.728,9.903,10.152,10.038,10.038,0.057,0.084,10.038,0.4,-0.617,0.054,0.177,0.2,3.061,0.016,0.006,0.008,0.007,0.005,50,standing,goat03,3730401,1970-01-01 01:02:10.401
113,0.061,7.027,2.41,2.088,1.556,1.425,2.861,0.32,1.398,1.258,4.711,0.8,3.04,0.304,0.437,0.174,0.448,0.145,9.959,10.275,10.082,10.077,0.063,0.083,10.082,0.38,0.556,0.531,0.201,3.2,3.111,0.011,0.012,0.007,0.004,0.013,50,standing,goat03,3740401,1970-01-01 01:02:20.401
114,0.693,18.33,3.887,2.969,3.346,2.155,5.107,0.26,6.831,2.489,9.159,0.2,2.914,0.969,0.917,0.677,0.569,0.402,9.982,10.229,10.111,10.114,0.057,0.076,10.112,0.42,-0.357,-0.011,0.176,1.2,3.054,0.012,0.005,0.008,0.011,0.003,50,standing,goat03,3750401,1970-01-01 01:02:30.401
115,0.386,21.605,3.604,2.011,4.185,3.038,5.491,0.2,7.655,2.699,11.591,0.6,2.948,0.945,0.835,1.496,0.838,1.05,9.683,10.469,10.128,10.133,0.111,0.069,10.128,0.42,5.842,-0.487,0.357,1.8,3.117,0.003,0.012,0.013,0.007,0.024,50,standing,goat03,3760401,1970-01-01 01:02:40.401
116,0.549,17.748,5.597,3.566,4.937,5.9,7.43,0.1,0.056,1.198,13.13,0.4,2.906,1.403,2.116,0.85,0.222,0.79,9.176,10.206,9.977,9.988,0.148,0.121,9.978,0.5,15.402,-3.096,0.505,5.0,3.166,0.022,0.015,0.015,0.024,0.018,50,standing,goat03,3770401,1970-01-01 01:02:50.401
117,0.951,36.349,7.754,6.362,6.534,6.074,10.097,0.26,6.517,2.248,18.787,0.2,3.006,2.478,1.763,0.404,0.886,1.178,9.443,10.443,10.01,10.007,0.153,0.146,10.011,0.46,3.489,-0.525,0.46,1.8,3.036,0.015,0.015,0.007,0.008,0.027,50,standing,goat03,3780401,1970-01-01 01:03:00.401
118,0.802,92.819,12.029,4.677,18.932,5.565,22.27,0.02,8.197,2.872,53.827,0.2,3.002,7.055,6.06,4.209,2.358,2.226,9.305,10.364,10.021,10.047,0.207,0.231,10.023,0.52,2.72,-1.398,0.667,3.8,3.086,0.011,0.017,0.04,0.047,0.032,50,standing,goat03,3790401,1970-01-01 01:03:10.401
119,0.747,79.272,10.515,2.824,17.227,7.501,20.035,0.08,6.75,2.64,40.51,0.6,2.68,5.938,4.484,6.255,4.374,2.278,9.455,10.98,10.324,10.323,0.209,0.133,10.326,0.46,6.245,-0.918,0.673,3.4,3.123,0.019,0.009,0.019,0.02,0.012,50,standing,goat03,3800401,1970-01-01 01:03:20.401
120,0.328,5.329,2.485,2.164,1.254,2.071,2.778,0.4,-0.71,0.565,3.904,0.4,3.075,0.203,0.336,0.254,0.092,0.238,10.116,10.513,10.364,10.37,0.08,0.079,10.364,0.5,1.272,-1.005,0.243,3.6,3.055,0.017,0.013,0.004,0.009,0.007,50,standing,goat03,3810401,1970-01-01 01:03:30.401
121,0.565,56.708,7.595,3.672,10.902,7.263,13.197,0.12,7.985,2.724,27.289,0.2,2.794,4.457,3.243,1.919,2.028,2.064,10.039,10.721,10.396,10.402,0.129,0.081,10.396,0.52,1.823,-0.061,0.385,2.4,3.024,0.007,0.011,0.01,0.014,0.016,50,standing,goat03,3820401,1970-01-01 01:03:40.401
122,0.251,89.432,23.91,13.837,24.419,30.494,34.001,0.1,0.676,1.237,54.519,0.4,2.667,8.848,9.141,8.038,5.549,1.417,9.688,11.67,10.346,10.359,0.312,0.251,10.351,0.4,5.415,1.227,1.02,1.0,3.132,0.025,0.021,0.043,0.056,0.077,50,standing,goat03,3830401,1970-01-01 01:03:50.401
123,1.126,17.878,7.61,6.476,4.746,6.503,8.943,0.24,-0.584,0.64,12.578,0.2,2.93,2.309,0.275,1.16,0.859,0.753,9.39,11.032,10.38,10.414,0.248,0.242,10.382,0.58,4.217,-1.062,0.809,4.8,3.128,0.037,0.009,0.012,0.047,0.015,50,standing,goat03,3840401,1970-01-01 01:04:00.401
124,1.305,23.693,8.165,6.233,5.2,5.152,9.652,0.26,0.843,1.196,15.254,1.0,2.998,0.772,0.964,1.322,1.311,1.326,9.949,10.816,10.38,10.378,0.207,0.269,10.382,0.44,-0.506,-0.092,0.647,2.8,3.086,0.033,0.027,0.027,0.007,0.018,50,standing,goat03,3850401,1970-01-01 01:04:10.401
125,0.716,30.595,6.793,2.667,8.611,5.703,10.9,0.12,1.534,1.713,17.88,0.4,2.615,3.443,3.785,2.166,1.767,0.586,10.146,10.714,10.416,10.415,0.093,0.101,10.416,0.54,1.757,0.422,0.291,3.8,3.065,0.015,0.014,0.011,0.006,0.006,50,standing,goat03,3860401,1970-01-01 01:04:20.401
126,0.804,77.838,9.22,3.775,13.981,6.531,16.63,0.14,10.865,3.126,39.704,0.2,2.984,4.721,3.007,3.782,3.779,1.841,10.101,10.703,10.379,10.389,0.092,0.09,10.38,0.48,3.141,-0.007,0.277,3.6,3.022,0.007,0.012,0.006,0.011,0.018,50,standing,goat03,3870401,1970-01-01 01:04:30.401
127,1.121,40.436,8.165,3.95,9.486,6.872,12.444,0.16,3.611,2.07,25.755,1.0,2.917,2.621,2.178,2.864,1.032,3.209,9.895,10.859,10.406,10.41,0.176,0.141,10.407,0.32,1.409,-0.034,0.524,2.4,3.031,0.008,0.012,0.01,0.037,0.022,50,standing,goat03,3880401,1970-01-01 01:04:40.401
128,0.427,45.547,8.633,6.071,9.074,6.438,12.459,0.18,8.217,2.716,24.29,0.2,2.911,3.467,1.836,2.961,1.511,1.38,9.859,10.722,10.377,10.386,0.139,0.161,10.378,0.4,2.877,-0.792,0.428,0.6,3.07,0.015,0.035,0.041,0.024,0.025,50,standing,goat03,3890401,1970-01-01 01:04:50.401
129,1.372,52.598,12.061,7.63,12.546,10.86,17.312,0.28,2.769,1.856,33.423,0.2,2.885,4.637,2.432,3.194,2.2,2.356,9.477,11.948,10.451,10.407,0.31,0.182,10.455,0.42,10.763,1.803,0.96,2.2,3.078,0.037,0.017,0.044,0.022,0.039,50,standing,goat03,3900401,1970-01-01 01:05:00.401
130,0.64,98.202,20.016,4.485,26.701,33.106,33.156,0.08,0.885,1.422,56.298,0.2,2.702,14.868,8.08,2.76,0.366,1.235,8.665,10.92,10.307,10.405,0.384,0.186,10.314,0.34,6.184,-2.223,1.206,0.2,3.06,0.116,0.095,0.078,0.056,0.037,50,standing,goat03,3910401,1970-01-01 01:05:10.401
131,2.166,127.771,26.185,12.586,31.453,32.581,40.684,0.12,1.926,1.661,84.01,0.4,2.923,1.702,11.475,10.02,1.746,9.325,8.885,10.814,9.642,9.619,0.336,0.294,9.647,0.46,3.167,1.051,1.053,0.8,3.092,0.025,0.054,0.036,0.096,0.046,50,standing,goat03,3920401,1970-01-01 01:05:20.401
132,1.065,48.947,10.759,7.359,9.401,7.362,14.226,0.22,4.237,1.975,27.777,0.2,3.019,3.352,1.389,0.91,1.688,1.645,9.268,10.515,10.035,10.077,0.234,0.243,10.038,0.66,1.125,-0.669,0.748,4.6,3.073,0.026,0.027,0.048,0.016,0.034,50,standing,goat03,3930401,1970-01-01 01:05:30.401
133,2.176,67.558,14.931,11.364,13.786,13.044,20.229,0.26,4.429,2.057,42.645,0.2,3.081,4.211,2.922,1.8,3.409,1.988,8.999,11.572,9.994,9.94,0.456,0.435,10.005,0.56,3.006,0.981,1.443,2.2,3.088,0.064,0.043,0.038,0.066,0.072,50,standing,goat03,3940401,1970-01-01 01:05:40.401
134,0.972,25.915,6.099,3.775,6.132,4.314,8.605,0.14,2.24,1.742,16.145,0.6,2.904,1.996,0.803,2.368,1.227,1.31,9.305,10.382,9.98,10.005,0.15,0.128,9.981,0.38,7.202,-1.536,0.506,2.6,3.146,0.024,0.018,0.002,0.022,0.021,50,standing,goat03,3950401,1970-01-01 01:05:50.401
135,0.334,18.582,5.134,3.047,4.772,6.171,6.976,0.14,0.897,1.316,11.5,0.2,2.804,2.113,1.281,1.323,0.89,1.079,9.479,10.577,9.998,9.998,0.136,0.104,9.998,0.42,8.753,0.536,0.441,3.6,3.104,0.012,0.01,0.005,0.015,0.004,50,standing,goat03,3960401,1970-01-01 01:06:00.401
136,0.311,18.741,4.039,2.09,4.907,2.561,6.318,0.14,2.143,1.836,11.718,0.2,2.75,1.899,1.552,1.629,0.874,0.456,9.731,10.195,9.975,9.967,0.096,0.118,9.976,0.52,0.326,-0.063,0.303,4.6,3.074,0.007,0.016,0.015,0.007,0.007,50,standing,goat03,3970401,1970-01-01 01:06:10.401
137,0.172,6.226,1.505,1.175,1.223,1.185,1.931,0.36,4.32,1.929,3.464,0.2,2.961,0.413,0.266,0.265,0.277,0.246,9.731,10.112,9.974,9.97,0.077,0.094,9.974,0.38,0.832,-0.699,0.223,0.8,2.982,0.012,0.0,0.009,0.024,0.017,50,standing,goat03,3980401,1970-01-01 01:06:20.401
138,1.823,61.606,10.599,6.402,10.891,9.434,15.119,0.2,8.593,2.65,32.787,0.2,3.069,3.793,1.953,2.713,2.638,2.036,9.421,10.989,9.973,9.939,0.265,0.258,9.976,0.54,3.468,1.187,0.838,4.6,3.091,0.026,0.043,0.032,0.033,0.033,50,standing,goat03,3990401,1970-01-01 01:06:30.401
139,1.322,43.701,8.856,7.1,7.711,6.407,11.691,0.34,7.21,2.425,23.532,0.4,3.07,0.568,2.338,1.395,1.483,1.49,9.621,10.249,9.976,9.967,0.139,0.144,9.977,0.52,0.454,-0.407,0.458,5.0,3.104,0.025,0.013,0.019,0.013,0.014,50,standing,goat03,4000401,1970-01-01 01:06:40.401
140,1.305,27.069,7.836,6.099,5.729,5.192,9.673,0.26,1.876,1.522,17.301,0.2,3.056,1.753,0.361,0.274,0.745,1.705,9.417,10.561,9.98,9.951,0.22,0.204,9.982,0.52,0.652,0.349,0.645,3.6,2.986,0.027,0.051,0.018,0.041,0.011,50,standing,goat03,4010401,1970-01-01 01:06:50.401
141,1.604,28.05,7.067,6.003,4.647,5.073,8.432,0.3,6.578,2.07,14.259,0.2,3.057,1.225,0.998,0.72,0.764,0.803,9.562,10.497,9.977,9.962,0.227,0.3,9.98,0.42,-0.418,0.328,0.725,2.0,3.118,0.032,0.012,0.027,0.022,0.025,50,standing,goat03,4020401,1970-01-01 01:07:00.401
142,1.731,32.051,7.761,5.812,5.944,6.989,9.74,0.28,4.37,1.871,19.356,0.2,3.125,1.716,0.969,1.398,0.798,0.905,9.079,10.787,9.992,10.014,0.246,0.187,9.995,0.4,4.422,-0.466,0.762,3.6,3.064,0.05,0.031,0.012,0.023,0.003,50,standing,goat03,4030401,1970-01-01 01:07:10.401
143,0.875,39.698,9.76,6.162,9.458,6.57,13.525,0.12,1.484,1.58,23.306,0.2,2.854,3.842,2.961,3.375,1.339,0.729,9.458,10.47,10.0,9.996,0.217,0.3,10.002,0.38,-0.279,0.063,0.656,2.0,3.052,0.014,0.011,0.019,0.034,0.024,50,standing,goat03,4040401,1970-01-01 01:07:20.401
144,0.917,22.64,9.048,7.653,6.039,7.503,10.845,0.24,-0.39,0.79,16.191,0.2,2.937,2.679,1.236,1.467,1.233,0.761,9.545,10.549,10.019,9.991,0.214,0.301,10.021,0.44,-0.325,0.135,0.637,0.2,3.031,0.058,0.012,0.029,0.019,0.013,50,standing,goat03,4050401,1970-01-01 01:07:30.401
145,0.962,19.73,5.31,4.567,3.389,3.408,6.281,0.32,5.447,2.059,9.971,0.2,3.008,1.024,0.854,0.521,0.798,0.664,9.499,10.421,9.965,9.966,0.214,0.269,9.967,0.3,-0.462,0.059,0.666,0.8,3.074,0.039,0.021,0.048,0.062,0.025,50,standing,goat03,4060401,1970-01-01 01:07:40.401
146,1.682,76.128,10.612,5.544,15.242,4.436,18.447,0.12,7.312,2.772,37.682,0.2,2.8,6.043,4.898,3.793,3.352,2.758,9.647,10.403,10.026,10.042,0.21,0.382,10.028,0.52,-1.182,0.008,0.656,2.0,3.081,0.035,0.008,0.009,0.02,0.03,50,standing,goat03,4070401,1970-01-01 01:07:50.401
147,1.154,24.158,8.089,6.674,5.654,6.995,9.837,0.26,0.205,1.032,16.013,0.4,3.002,0.835,2.246,0.182,1.704,0.544,9.587,10.986,10.01,9.991,0.225,0.262,10.012,0.46,5.406,1.575,0.737,0.6,3.114,0.023,0.011,0.049,0.023,0.015,50,standing,goat03,4080401,1970-01-01 01:08:00.401
148,0.759,34.973,9.528,8.27,7.402,6.022,12.02,0.3,3.784,1.91,20.931,0.6,2.959,1.213,0.771,2.503,1.905,0.137,9.599,10.378,9.954,9.98,0.153,0.203,9.955,0.52,0.207,-0.13,0.487,2.4,3.106,0.009,0.024,0.017,0.024,0.02,50,standing,goat03,4090401,1970-01-01 01:08:10.401
149,1.625,42.161,5.994,3.954,6.852,2.935,9.052,0.18,14.61,3.599,21.776,0.4,3.112,1.66,2.096,1.341,1.339,0.378,9.586,10.38,10.004,9.978,0.158,0.178,10.005,0.56,0.725,0.201,0.509,3.0,3.117,0.013,0.021,0.028,0.024,0.025,50,standing,goat03,4100401,1970-01-01 01:08:20.401
150,0.273,46.168,10.068,6.801,10.593,9.758,14.537,0.12,2.497,1.653,25.897,0.4,2.85,2.979,4.98,0.93,2.923,1.098,9.719,10.491,9.945,9.941,0.137,0.144,9.946,0.54,3.663,1.352,0.439,3.4,3.11,0.015,0.018,0.013,0.016,0.009,50,standing,goat03,4110401,1970-01-01 01:08:30.401
151,0.299,49.631,6.293,2.323,10.661,3.613,12.288,0.14,7.301,2.834,27.55,0.4,2.839,2.635,3.667,3.264,2.211,2.205,9.23,10.247,9.963,9.974,0.133,0.07,9.963,0.38,16.818,-3.147,0.431,4.4,3.128,0.012,0.022,0.021,0.008,0.016,50,standing,goat03,4120401,1970-01-01 01:08:40.401
152,0.871,75.084,14.429,4.523,21.298,5.846,25.548,0.02,1.794,1.785,47.617,0.2,2.724,10.178,7.283,4.995,2.658,2.466,9.699,10.339,10.054,10.063,0.131,0.129,10.055,0.36,0.556,-0.411,0.412,1.8,3.085,0.026,0.024,0.015,0.018,0.029,50,standing,goat03,4130401,1970-01-01 01:08:50.401
153,0.693,35.23,7.288,3.402,7.876,7.757,10.672,0.14,2.54,1.689,19.044,1.2,2.724,2.617,1.454,1.647,1.914,1.393,9.696,10.451,9.95,9.934,0.121,0.098,9.95,0.48,4.577,1.343,0.383,3.8,3.093,0.019,0.011,0.028,0.02,0.026,50,standing,goat03,4140401,1970-01-01 01:09:00.401
154,0.981,79.071,19.769,11.787,20.676,16.86,28.456,0.24,1.329,1.554,56.448,0.6,2.961,5.354,2.159,8.628,3.448,2.104,9.013,10.664,10.065,10.032,0.274,0.185,10.069,0.56,3.339,-0.666,0.881,4.6,3.127,0.041,0.023,0.036,0.013,0.031,50,standing,goat03,4150401,1970-01-01 01:09:10.401
155,0.51,26.061,4.922,3.113,5.404,2.372,7.269,0.24,6.163,2.531,14.447,0.2,2.898,2.036,1.323,0.432,0.321,0.751,9.656,10.556,10.12,10.119,0.145,0.098,10.121,0.46,2.755,0.088,0.412,4.4,2.988,0.003,0.01,0.011,0.027,0.025,50,standing,goat03,4160401,1970-01-01 01:09:20.401
156,0.559,64.819,16.416,7.118,17.623,24.413,23.955,0.08,0.364,1.179,41.922,0.2,2.852,9.79,3.173,1.777,1.631,0.308,8.046,11.364,10.009,10.054,0.429,0.239,10.018,0.48,8.977,-1.603,1.392,3.0,3.125,0.074,0.03,0.019,0.023,0.011,50,standing,goat03,4170401,1970-01-01 01:09:30.401
157,1.299,129.959,33.211,17.523,34.697,51.076,47.778,0.06,0.138,1.065,73.365,0.2,2.75,20.152,9.497,2.655,2.633,2.342,9.487,11.501,10.077,10.047,0.4,0.278,10.084,0.42,3.079,1.38,1.3,1.0,3.138,0.051,0.057,0.05,0.04,0.109,50,standing,goat03,4180401,1970-01-01 01:09:40.401
158,0.328,72.628,10.338,1.676,16.813,9.582,19.593,0.04,3.189,1.972,34.243,0.2,2.579,8.211,6.105,3.929,2.248,1.575,9.722,10.359,9.958,9.948,0.107,0.053,9.959,0.3,3.75,1.272,0.327,0.8,3.068,0.024,0.009,0.022,0.028,0.027,50,standing,goat03,4190401,1970-01-01 01:09:50.401
159,0.814,92.01,20.529,8.765,22.133,21.32,30.025,0.16,1.604,1.512,52.21,0.2,2.818,11.884,5.035,2.878,3.302,3.45,9.592,10.469,9.989,10.005,0.212,0.25,9.991,0.38,-0.166,0.318,0.706,1.4,3.154,0.027,0.019,0.032,0.047,0.038,50,standing,goat03,4200401,1970-01-01 01:10:00.401
160,0.507,97.665,21.135,14.051,24.086,31.524,31.863,0.14,1.14,1.312,56.846,0.2,2.775,11.101,4.021,3.017,7.437,5.999,9.259,10.825,9.993,9.977,0.223,0.141,9.995,0.4,4.764,0.145,0.695,1.8,3.093,0.018,0.022,0.044,0.043,0.028,50,standing,goat03,4210401,1970-01-01 01:10:10.401
161,0.464,7.081,2.079,1.835,1.413,1.171,2.506,0.28,3.431,1.735,3.91,0.2,2.908,0.381,0.351,0.338,0.298,0.363,9.926,10.237,10.101,10.094,0.06,0.081,10.101,0.44,0.317,-0.014,0.187,2.0,3.072,0.008,0.015,0.006,0.003,0.007,50,standing,goat03,4220401,1970-01-01 01:10:20.401
162,0.456,19.566,3.622,1.633,4.27,3.008,5.567,0.06,3.863,2.089,11.114,0.6,2.887,1.234,1.287,1.65,0.578,0.891,9.8,10.188,10.03,10.026,0.08,0.095,10.03,0.44,0.248,-0.143,0.26,2.0,3.133,0.011,0.005,0.007,0.008,0.019,50,standing,goat03,4230401,1970-01-01 01:10:30.401
163,0.106,12.049,2.407,1.428,2.739,1.814,3.626,0.22,4.253,2.228,7.358,0.4,2.89,0.387,0.966,0.655,0.462,0.713,9.857,10.148,9.997,9.993,0.055,0.066,9.997,0.44,0.349,0.115,0.167,2.4,3.053,0.006,0.004,0.003,0.009,0.007,50,standing,goat03,4240401,1970-01-01 01:10:40.401
164,0.305,43.055,6.59,1.747,10.054,6.821,11.937,0.1,4.626,2.286,25.577,0.2,2.85,3.774,2.203,3.393,2.437,1.419,9.922,10.242,10.057,10.035,0.08,0.055,10.057,0.28,0.147,0.909,0.242,0.8,3.046,0.018,0.017,0.02,0.022,0.005,50,standing,goat03,4250401,1970-01-01 01:10:50.401
165,0.228,13.151,2.839,1.443,3.221,1.924,4.269,0.1,2.042,1.773,7.377,0.2,2.742,1.461,1.13,0.858,0.497,0.254,9.941,10.246,10.052,10.053,0.06,0.063,10.052,0.3,1.591,0.523,0.175,1.0,3.019,0.005,0.008,0.009,0.004,0.022,50,standing,goat03,4260401,1970-01-01 01:11:00.401
166,0.46,11.038,2.787,1.959,2.433,1.924,3.683,0.18,2.477,1.811,6.192,0.2,2.837,0.886,0.723,0.736,0.506,0.481,9.935,10.199,10.063,10.064,0.063,0.068,10.063,0.36,-0.104,0.238,0.197,0.6,3.096,0.007,0.007,0.02,0.011,0.005,50,standing,goat03,4270401,1970-01-01 01:11:10.401
167,0.395,3.539,1.331,1.307,0.664,0.785,1.484,0.52,1.604,1.082,2.031,0.2,3.057,0.188,0.095,0.033,0.037,0.126,9.92,10.17,10.007,10.0,0.044,0.058,10.007,0.5,2.018,0.964,0.143,3.2,3.112,0.01,0.003,0.002,0.008,0.005,50,standing,goat03,4280401,1970-01-01 01:11:20.401
168,0.193,74.258,8.336,2.054,14.952,5.665,16.988,0.04,8.248,2.886,35.632,0.2,2.744,6.186,4.677,3.962,3.394,2.427,9.24,10.848,10.048,10.023,0.21,0.122,10.05,0.32,7.736,0.547,0.688,3.6,3.13,0.029,0.005,0.009,0.039,0.027,50,standing,goat03,4290401,1970-01-01 01:11:30.401
169,1.701,48.012,19.224,17.352,11.169,15.793,22.176,0.22,-0.408,0.547,28.164,0.8,2.867,3.698,1.495,0.99,4.801,2.856,9.688,10.784,10.076,10.091,0.219,0.29,10.078,0.36,0.715,0.563,0.66,0.4,3.035,0.037,0.058,0.048,0.031,0.007,50,standing,goat03,4300401,1970-01-01 01:11:40.401
170,1.355,66.765,17.547,4.677,19.338,28.546,25.968,0.08,-0.288,0.995,36.948,0.2,2.563,11.55,5.08,0.412,0.57,0.88,9.639,11.26,10.062,10.035,0.27,0.161,10.066,0.48,11.029,2.956,0.869,1.4,3.124,0.038,0.041,0.046,0.036,0.049,50,standing,goat03,4310401,1970-01-01 01:11:50.401
171,0.376,6.496,1.324,0.962,1.209,0.99,1.785,0.3,8.048,2.754,3.612,0.2,3.024,0.305,0.217,0.287,0.263,0.122,9.907,10.156,10.051,10.05,0.048,0.044,10.051,0.5,1.346,-0.557,0.148,0.6,3.054,0.006,0.01,0.015,0.007,0.005,50,standing,goat03,4320401,1970-01-01 01:12:00.401
172,0.578,75.046,24.569,18.348,21.611,36.551,32.578,0.12,-0.709,0.666,40.602,0.2,2.602,13.634,2.751,2.257,0.909,2.226,9.431,10.766,10.026,10.02,0.218,0.157,10.028,0.46,3.002,0.444,0.724,5.0,3.114,0.013,0.013,0.021,0.02,0.042,50,standing,goat03,4330401,1970-01-01 01:12:10.401
173,0.251,4.326,1.583,1.295,0.962,1.066,1.848,0.38,0.427,1.006,2.791,1.8,3.008,0.301,0.141,0.193,0.079,0.069,9.849,10.089,9.966,9.965,0.046,0.052,9.966,0.48,1.033,0.192,0.144,0.8,3.094,0.008,0.009,0.003,0.011,0.007,50,standing,goat03,4340401,1970-01-01 01:12:20.401
174,0.328,3.563,1.108,0.898,0.622,0.718,1.267,0.34,3.23,1.556,1.854,0.8,3.034,0.183,0.077,0.037,0.195,0.115,9.822,10.306,9.981,9.97,0.073,0.047,9.982,0.4,7.372,2.068,0.237,3.6,3.131,0.009,0.011,0.01,0.009,0.005,50,standing,goat03,4350401,1970-01-01 01:12:30.401
175,0.356,7.063,1.487,1.157,1.22,0.889,1.916,0.36,8.804,2.727,3.573,0.6,3.019,0.149,0.179,0.418,0.104,0.358,9.768,10.142,9.971,9.976,0.055,0.049,9.971,0.34,3.963,-0.212,0.175,0.4,3.09,0.002,0.014,0.007,0.005,0.011,50,standing,goat03,4360401,1970-01-01 01:12:40.401
176,0.528,59.872,9.504,1.704,16.751,6.042,19.113,0.04,3.23,2.141,34.495,0.2,2.58,7.699,6.107,4.533,3.1,1.815,9.904,10.321,10.041,10.029,0.072,0.087,10.041,0.48,3.001,1.128,0.236,0.8,3.137,0.014,0.008,0.013,0.019,0.004,50,standing,goat03,4370401,1970-01-01 01:12:50.401
177,0.4,61.168,17.851,10.656,18.257,27.88,25.403,0.04,-0.43,0.954,36.834,0.2,2.612,8.768,7.796,1.604,1.814,2.592,9.57,10.452,10.017,10.022,0.151,0.151,10.018,0.36,1.98,-0.303,0.46,2.2,3.048,0.04,0.018,0.009,0.008,0.012,50,standing,goat03,4380401,1970-01-01 01:13:00.401
178,0.328,12.661,1.897,1.134,2.362,1.06,3.011,0.16,9.483,3.059,5.939,0.4,2.818,0.716,0.882,0.547,0.662,0.353,9.688,10.38,9.978,9.974,0.083,0.046,9.978,0.34,12.017,1.524,0.273,5.0,3.107,0.003,0.002,0.006,0.003,0.009,50,standing,goat03,4390401,1970-01-01 01:13:10.401
179,0.634,17.669,3.693,2.159,3.784,2.839,5.26,0.14,2.808,1.822,11.579,0.2,3.079,1.278,0.851,0.974,0.68,0.438,9.213,10.526,10.044,10.021,0.196,0.112,10.046,0.42,5.757,-1.001,0.615,2.0,3.087,0.019,0.007,0.016,0.026,0.038,50,standing,goat03,4400401,1970-01-01 01:13:20.401
180,0.299,7.073,1.775,1.354,1.293,0.945,2.189,0.22,4.624,1.973,3.808,0.2,3.039,0.405,0.375,0.402,0.147,0.219,9.879,10.176,10.019,10.015,0.064,0.056,10.019,0.46,0.764,0.329,0.186,0.8,2.999,0.007,0.01,0.005,0.023,0.005,50,standing,goat03,4410401,1970-01-01 01:13:30.401
181,0.517,3.305,1.439,1.384,0.709,0.756,1.601,0.36,0.843,1.144,2.19,0.2,3.068,0.216,0.103,0.124,0.161,0.064,9.893,10.161,10.025,10.025,0.048,0.045,10.025,0.52,1.574,0.316,0.151,2.2,3.1,0.005,0.005,0.004,0.012,0.005,50,standing,goat03,4420401,1970-01-01 01:13:40.401
182,0.409,70.219,9.092,2.06,17.364,2.843,19.446,0.08,5.305,2.544,38.917,0.2,2.646,6.757,5.966,5.042,4.096,3.05,9.424,10.221,9.956,9.947,0.122,0.102,9.957,0.46,5.953,-1.433,0.402,0.2,3.142,0.03,0.019,0.005,0.012,0.016,50,standing,goat03,4430401,1970-01-01 01:13:50.401
183,0.211,41.946,5.192,2.074,8.835,3.159,10.171,0.08,7.923,2.933,20.908,0.2,2.718,3.486,2.712,2.272,2.037,1.765,9.751,10.31,9.968,9.968,0.093,0.063,9.968,0.52,3.439,0.471,0.293,1.0,3.072,0.01,0.01,0.015,0.014,0.025,50,standing,goat03,4440401,1970-01-01 01:14:00.401
184,0.492,89.673,9.844,2.028,20.67,3.761,22.707,0.04,8.007,2.989,52.167,0.2,2.795,7.682,6.513,4.915,3.742,3.221,9.332,10.343,9.952,9.967,0.148,0.089,9.953,0.4,6.693,-1.685,0.472,2.2,3.104,0.017,0.013,0.025,0.014,0.014,50,standing,goat03,4450401,1970-01-01 01:14:10.401
185,0.909,76.231,15.598,9.999,16.816,17.068,22.813,0.18,3.636,1.921,43.616,0.2,2.866,6.492,1.239,2.585,5.178,4.305,8.318,10.772,9.975,10.019,0.355,0.191,9.981,0.52,8.628,-1.83,1.157,2.6,3.128,0.029,0.045,0.049,0.035,0.061,50,standing,goat03,4460401,1970-01-01 01:14:20.401
186,0.136,24.961,3.516,1.778,5.324,1.952,6.336,0.08,7.45,2.872,13.555,0.2,2.858,1.849,1.757,1.524,1.312,1.077,9.783,10.166,10.011,10.019,0.067,0.08,10.011,0.42,1.476,-0.564,0.206,1.8,3.073,0.01,0.004,0.009,0.008,0.01,50,standing,goat03,4470401,1970-01-01 01:14:30.401
187,0.172,3.868,1.296,1.049,0.765,0.696,1.501,0.34,2.371,1.641,2.261,1.6,3.03,0.107,0.11,0.019,0.052,0.133,9.961,10.111,10.02,10.008,0.038,0.048,10.02,0.36,-0.238,0.802,0.11,1.6,3.013,0.003,0.006,0.005,0.001,0.005,50,standing,goat03,4480401,1970-01-01 01:14:40.401
188,0.251,7.181,1.556,1.134,1.202,1.054,1.959,0.22,8.445,2.574,3.608,0.2,3.042,0.392,0.291,0.364,0.144,0.041,9.746,10.247,10.005,10.008,0.072,0.059,10.005,0.52,4.754,-0.522,0.239,2.0,3.142,0.003,0.002,0.012,0.006,0.015,50,standing,goat03,4490401,1970-01-01 01:14:50.401
189,0.311,4.342,1.189,0.987,0.87,0.74,1.468,0.26,3.935,1.91,2.611,0.2,3.035,0.265,0.172,0.169,0.139,0.063,9.915,10.144,10.012,10.011,0.043,0.042,10.012,0.42,1.699,0.685,0.132,0.6,3.08,0.002,0.006,0.011,0.006,0.01,50,standing,goat03,4500401,1970-01-01 01:15:00.401
190,0.444,50.805,7.099,2.738,12.189,3.243,14.0,0.04,5.191,2.546,24.022,0.2,2.357,4.73,4.048,3.768,2.98,2.467,9.927,10.64,10.088,10.065,0.116,0.105,10.089,0.44,8.977,2.458,0.385,3.8,3.147,0.016,0.018,0.017,0.012,0.017,50,standing,goat03,4510401,1970-01-01 01:15:10.401
191,0.395,4.578,1.393,1.089,0.835,0.985,1.62,0.42,2.629,1.495,2.659,1.0,3.095,0.198,0.175,0.129,0.08,0.225,9.986,10.224,10.088,10.079,0.049,0.049,10.088,0.52,0.605,0.61,0.148,1.8,3.033,0.001,0.008,0.006,0.01,0.007,50,standing,goat03,4520401,1970-01-01 01:15:20.401
192,0.086,2.946,1.12,1.018,0.652,0.856,1.293,0.46,0.16,0.752,1.95,1.4,3.037,0.088,0.126,0.055,0.075,0.181,9.959,10.373,10.082,10.072,0.068,0.056,10.083,0.4,5.221,1.32,0.202,0.4,3.026,0.003,0.024,0.004,0.009,0.019,50,standing,goat03,4530401,1970-01-01 01:15:30.401
193,0.136,46.986,7.871,1.881,12.2,6.801,14.416,0.06,2.508,1.907,27.791,0.4,2.714,3.956,5.032,3.733,1.974,2.695,9.744,10.255,10.021,10.054,0.107,0.145,10.021,0.22,0.045,-0.587,0.331,0.2,3.085,0.039,0.015,0.012,0.023,0.004,50,standing,goat03,4540401,1970-01-01 01:15:40.401
194,0.317,5.398,1.719,1.438,1.226,1.129,2.104,0.3,1.973,1.551,3.358,0.2,2.944,0.504,0.19,0.06,0.101,0.276,9.904,10.167,9.999,9.993,0.056,0.064,9.999,0.46,1.14,1.021,0.177,2.6,3.105,0.01,0.006,0.008,0.01,0.008,50,standing,goat03,4550401,1970-01-01 01:15:50.401
195,0.476,5.799,1.732,1.21,1.309,1.53,2.163,0.22,1.783,1.506,3.597,1.0,2.965,0.462,0.132,0.105,0.277,0.494,9.893,10.124,9.987,9.99,0.042,0.045,9.988,0.34,1.325,0.232,0.131,0.4,3.086,0.006,0.012,0.005,0.003,0.007,50,standing,goat03,4560401,1970-01-01 01:16:00.401
196,0.939,20.799,5.354,3.684,4.59,3.924,7.022,0.2,2.231,1.632,12.043,0.4,2.924,1.161,2.095,0.693,0.988,0.698,9.778,10.608,10.015,10.005,0.147,0.135,10.016,0.42,3.87,1.349,0.462,2.2,3.085,0.013,0.022,0.01,0.039,0.017,50,standing,goat03,4570401,1970-01-01 01:16:10.401
197,0.371,33.689,4.403,1.53,7.498,1.969,8.631,0.1,6.541,2.721,18.481,0.2,2.786,2.605,2.286,2.233,1.969,1.391,9.807,10.224,10.02,10.02,0.076,0.062,10.02,0.44,1.044,-0.29,0.241,3.2,3.086,0.014,0.016,0.004,0.007,0.01,50,standing,goat03,4580401,1970-01-01 01:16:20.401
198,0.266,32.622,7.829,2.247,9.358,13.715,12.129,0.06,0.154,1.186,19.05,0.2,2.639,5.259,2.717,1.003,1.198,0.483,9.556,10.232,9.953,9.95,0.093,0.085,9.953,0.4,6.253,-0.945,0.296,4.6,3.096,0.011,0.014,0.004,0.007,0.01,50,standing,goat03,4590401,1970-01-01 01:16:30.401
199,1.171,84.808,13.859,9.517,15.175,9.237,20.439,0.16,8.699,2.721,44.708,0.2,3.037,5.956,3.929,1.339,1.512,2.877,9.299,11.212,10.008,9.988,0.276,0.19,10.012,0.48,6.681,1.288,0.91,4.6,3.128,0.026,0.019,0.024,0.03,0.024,50,standing,goat03,4600401,1970-01-01 01:16:40.401
200,6.928,213.443,52.528,48.804,34.253,30.684,62.521,0.38,7.971,2.255,102.101,1.2,3.02,1.285,6.593,9.276,2.225,6.825,4.277,13.813,9.964,10.164,1.481,1.518,10.071,0.68,3.738,-0.935,4.217,3.4,2.939,0.014,0.049,0.026,0.023,0.139,50,grazing,goat03,13066101,1970-01-01 03:37:46.101
201,8.514,120.647,39.78,35.368,22.958,30.028,45.814,0.32,1.718,1.191,72.455,0.4,3.093,4.443,5.529,1.574,0.469,2.293,7.89,11.822,10.074,10.05,0.769,0.845,10.102,0.58,0.382,-0.059,2.362,4.2,3.062,0.025,0.066,0.067,0.039,0.033,50,grazing,goat03,13076101,1970-01-01 03:37:56.101
202,9.893,187.668,53.84,46.156,39.155,50.971,66.341,0.36,1.353,1.22,116.651,0.2,3.015,11.589,8.604,5.033,5.09,7.385,5.66,13.085,10.116,10.049,1.429,1.613,10.214,0.76,0.741,-0.618,4.028,4.6,2.945,0.12,0.132,0.11,0.043,0.047,50,grazing,goat03,13086101,1970-01-01 03:38:06.101
203,13.073,131.554,41.261,35.97,23.951,25.024,47.588,0.34,3.801,1.776,70.732,0.6,3.013,5.408,6.286,7.057,3.23,0.384,8.059,11.631,9.934,9.877,0.778,1.053,9.964,0.46,-0.352,-0.044,2.41,4.2,3.074,0.13,0.056,0.081,0.127,0.057,50,grazing,goat03,13096101,1970-01-01 03:38:16.101
204,8.945,110.483,49.079,42.469,25.85,36.899,55.35,0.4,-0.414,0.617,81.715,4.0,3.074,2.274,4.473,5.634,1.338,6.333,6.606,12.928,9.918,9.803,1.19,1.239,9.987,0.46,0.528,-0.246,3.774,3.6,3.095,0.204,0.082,0.073,0.145,0.191,50,grazing,goat03,13106101,1970-01-01 03:38:26.101
205,4.207,135.287,44.516,37.282,27.58,32.096,52.222,0.36,1.726,1.304,90.583,5.0,3.101,4.258,6.215,3.785,6.312,3.963,7.021,12.322,10.133,9.916,1.036,1.302,10.185,0.68,0.478,-0.159,3.228,5.0,2.992,0.053,0.027,0.129,0.087,0.086,50,grazing,goat03,13116101,1970-01-01 03:38:36.101
206,8.639,129.236,40.279,33.837,22.204,24.839,45.886,0.36,3.538,1.56,68.476,1.6,3.076,2.58,3.947,1.865,5.21,1.739,7.058,15.127,10.223,10.117,1.233,1.079,10.295,0.62,4.354,0.739,3.757,4.4,3.031,0.099,0.157,0.045,0.036,0.17,50,grazing,goat03,13126101,1970-01-01 03:38:46.101
207,2.711,96.73,35.966,32.861,19.841,22.526,40.98,0.54,0.972,0.952,61.004,4.8,3.052,3.514,2.312,1.99,1.217,2.691,7.899,12.149,10.096,10.012,0.95,0.953,10.139,0.64,-0.056,-0.096,2.901,5.0,2.99,0.036,0.045,0.04,0.133,0.064,50,grazing,goat03,13136101,1970-01-01 03:38:56.101
208,3.202,70.768,29.079,24.355,16.927,22.101,33.561,0.4,-0.181,0.898,49.759,0.8,3.053,1.174,2.373,2.938,7.203,1.44,8.563,12.133,10.113,10.064,0.785,1.052,10.142,0.62,-0.002,0.335,2.274,3.6,2.998,0.042,0.028,0.104,0.011,0.081,50,grazing,goat03,13146101,1970-01-01 03:39:06.101
209,9.203,85.661,35.35,33.975,17.798,24.239,39.497,0.46,0.379,0.772,53.824,1.4,3.033,4.256,2.942,2.011,0.793,2.416,8.446,11.881,10.207,10.192,0.639,0.534,10.227,0.5,1.37,0.254,1.966,3.4,3.033,0.021,0.06,0.062,0.086,0.018,50,grazing,goat03,13156101,1970-01-01 03:39:16.101
210,7.874,109.479,33.449,25.943,23.826,17.4,40.929,0.44,2.252,1.604,69.856,0.2,2.993,8.898,4.545,4.845,3.519,4.423,8.623,16.083,10.176,10.007,1.133,0.847,10.238,0.62,13.162,3.02,3.728,4.4,3.138,0.204,0.099,0.017,0.098,0.151,50,grazing,goat03,13166101,1970-01-01 03:39:26.101
211,8.018,154.941,50.276,45.834,30.345,36.842,58.567,0.4,2.552,1.383,91.657,0.6,3.041,6.323,6.146,8.8,2.602,3.338,8.718,12.455,10.227,10.304,0.795,1.04,10.258,0.48,-0.013,0.221,2.461,2.8,3.048,0.203,0.049,0.098,0.086,0.12,50,grazing,goat03,13176101,1970-01-01 03:39:36.101
212,4.588,295.768,59.795,40.931,49.958,47.574,77.597,0.26,8.196,2.427,144.411,0.8,3.011,1.897,4.64,1.707,17.482,10.219,5.795,15.447,10.591,10.35,1.966,2.358,10.768,0.62,0.383,-0.065,5.694,2.6,3.014,0.193,0.173,0.187,0.274,0.105,50,grazing,goat03,13186101,1970-01-01 03:39:46.101
213,9.208,266.181,69.82,56.908,49.186,41.255,85.122,0.3,4.656,1.945,154.196,1.2,3.089,4.686,5.618,9.689,8.868,7.487,4.207,14.027,10.393,10.29,1.761,2.058,10.538,0.64,1.629,-0.465,5.546,2.6,3.093,0.193,0.112,0.128,0.057,0.034,50,grazing,goat03,13196101,1970-01-01 03:39:56.101
214,12.778,252.296,82.958,75.308,54.323,49.987,98.863,0.56,1.544,1.369,172.079,1.6,3.108,4.392,7.996,3.51,10.525,6.548,3.725,17.553,10.467,10.375,2.654,3.3,10.792,0.56,0.486,-0.067,7.968,3.2,3.053,0.246,0.093,0.256,0.275,0.204,50,grazing,goat03,13206101,1970-01-01 03:40:06.101
215,19.14,251.214,89.949,65.138,60.882,83.781,108.274,0.34,0.103,1.064,196.223,0.8,3.104,4.409,13.056,13.443,13.948,7.376,4.196,15.534,10.21,10.233,2.24,2.097,10.448,0.62,0.744,-0.148,6.87,4.4,3.053,0.154,0.201,0.136,0.2,0.073,50,grazing,goat03,13216101,1970-01-01 03:40:16.101
216,10.838,241.428,71.253,52.697,52.687,58.781,88.303,0.36,2.179,1.578,168.049,0.4,3.119,8.419,12.966,5.992,7.704,12.451,4.302,24.697,10.605,10.242,3.142,1.762,11.052,0.56,8.09,2.098,9.412,4.2,3.034,0.23,0.539,0.248,0.405,0.158,50,grazing,goat03,13226101,1970-01-01 03:40:26.101
217,16.962,131.938,49.157,45.225,26.086,34.787,55.527,0.3,1.022,1.116,83.288,4.2,3.101,4.976,5.357,5.062,3.848,5.664,5.658,13.78,10.101,10.109,1.406,1.485,10.196,0.58,1.406,-0.36,4.61,4.0,3.132,0.185,0.118,0.245,0.044,0.15,50,grazing,goat03,13236101,1970-01-01 03:40:36.101
218,10.308,191.309,70.998,52.099,50.34,72.908,86.742,0.32,-0.236,0.938,150.044,0.2,3.019,14.159,10.64,12.517,5.161,8.531,4.263,16.759,10.438,10.245,2.429,2.13,10.712,0.52,1.319,0.225,7.427,3.8,3.062,0.165,0.254,0.356,0.246,0.109,50,grazing,goat03,13246101,1970-01-01 03:40:46.101
219,23.3,469.9,98.899,70.791,76.914,67.771,124.813,0.4,9.14,2.602,247.23,0.8,3.113,9.899,3.801,7.613,19.415,16.815,3.203,23.829,10.762,10.281,4.185,3.782,11.532,0.7,1.795,1.153,12.219,4.8,3.002,0.473,0.078,0.123,0.111,0.519,50,grazing,goat03,13256101,1970-01-01 03:40:56.101
220,15.516,255.018,85.378,70.049,59.589,66.507,103.775,0.22,0.686,1.127,169.489,0.6,2.971,15.775,13.675,20.966,14.187,8.111,6.62,14.248,10.198,10.059,1.306,1.471,10.28,0.58,1.176,0.267,4.38,1.6,3.139,0.054,0.045,0.181,0.193,0.147,50,grazing,goat03,13266101,1970-01-01 03:41:06.101
221,6.09,387.716,108.592,99.191,76.023,76.13,132.122,0.3,3.081,1.643,234.181,0.8,3.068,6.758,8.843,4.938,22.125,17.048,2.369,16.572,10.699,10.604,3.233,4.857,11.168,0.62,-0.086,-0.333,9.393,3.6,3.023,0.317,0.24,0.243,0.303,0.274,50,grazing,goat03,13276101,1970-01-01 03:41:16.101
222,9.866,287.247,95.754,79.325,66.848,71.828,116.396,0.34,0.797,1.156,198.041,1.6,3.034,2.433,10.191,4.345,6.491,5.663,2.863,19.43,10.514,10.249,3.099,3.007,10.953,0.66,0.918,0.164,9.408,3.8,3.04,0.369,0.327,0.124,0.404,0.128,50,grazing,goat03,13286101,1970-01-01 03:41:26.101
223,14.522,247.316,78.332,61.579,56.809,63.514,96.429,0.4,1.433,1.384,174.307,0.8,3.076,5.163,7.002,13.784,17.537,12.412,4.679,18.214,10.491,10.065,2.536,2.438,10.787,0.7,1.101,0.823,8.259,5.0,3.06,0.278,0.189,0.366,0.326,0.27,50,grazing,goat03,13296101,1970-01-01 03:41:36.101
224,21.302,204.462,79.589,64.987,52.148,71.482,94.866,0.32,-0.001,1.011,165.623,2.2,3.095,10.585,9.833,1.218,7.8,5.327,3.507,19.724,10.571,10.459,2.329,2.002,10.819,0.68,4.496,0.692,7.378,4.0,3.108,0.263,0.225,0.236,0.217,0.085,50,grazing,goat03,13306101,1970-01-01 03:41:46.101
225,20.081,427.989,121.467,77.593,98.185,118.718,155.569,0.3,1.264,1.371,295.181,1.4,3.036,12.562,0.512,18.439,14.589,16.608,3.079,26.649,10.948,10.148,4.512,4.588,11.824,0.54,2.774,1.382,13.241,2.8,2.964,0.589,0.055,0.246,0.257,0.4,50,grazing,goat03,13316101,1970-01-01 03:41:56.101
226,10.046,370.343,83.894,54.56,76.333,55.21,112.908,0.26,3.412,1.884,249.007,1.4,3.123,18.146,16.389,5.09,8.65,10.638,5.05,18.931,10.627,10.208,2.914,2.618,11.012,0.56,0.602,0.385,9.292,4.0,3.099,0.45,0.129,0.383,0.389,0.341,50,grazing,goat03,13326101,1970-01-01 03:42:06.101
227,7.837,202.033,79.204,71.234,45.416,55.988,91.075,0.36,-0.124,0.76,131.303,1.6,2.999,11.415,8.276,8.507,6.81,6.683,5.656,19.523,10.185,9.731,3.196,3.341,10.666,0.68,1.285,1.178,9.797,5.0,2.971,0.527,0.186,0.384,0.293,0.127,50,grazing,goat03,13336101,1970-01-01 03:42:16.101
228,21.126,290.728,85.45,70.1,58.274,57.906,103.1,0.4,3.895,1.938,174.207,2.8,3.028,11.805,6.699,7.011,1.555,7.151,1.773,16.512,10.128,9.831,2.693,2.724,10.473,0.58,1.21,-0.415,8.381,3.6,3.054,0.139,0.246,0.286,0.145,0.137,50,grazing,goat03,13346101,1970-01-01 03:42:26.101
229,7.356,221.115,61.417,47.448,46.831,53.203,76.95,0.36,1.851,1.407,138.081,1.4,3.027,2.941,12.081,4.355,11.168,6.568,7.491,13.69,10.145,10.17,1.188,1.322,10.213,0.56,0.638,0.149,3.636,4.8,3.048,0.051,0.137,0.111,0.019,0.022,50,grazing,goat03,13356101,1970-01-01 03:42:36.101
230,14.333,335.17,98.219,80.355,65.642,49.299,117.77,0.46,3.978,2.022,209.7,4.2,3.102,5.644,5.183,11.952,6.743,9.925,2.876,21.118,11.083,10.647,3.253,3.051,11.541,0.5,2.036,0.746,10.398,3.6,3.098,0.181,0.43,0.404,0.168,0.174,50,grazing,goat03,13366101,1970-01-01 03:42:46.101
231,19.289,340.87,76.999,61.987,55.187,58.129,94.411,0.26,8.628,2.446,164.332,1.0,3.037,11.111,10.108,3.271,8.022,18.322,5.506,17.22,10.532,10.384,2.208,2.604,10.756,0.6,1.405,0.681,7.396,5.0,3.134,0.294,0.369,0.479,0.181,0.283,50,grazing,goat03,13376101,1970-01-01 03:42:56.101
232,11.405,372.106,79.371,63.583,63.931,49.741,101.515,0.4,8.039,2.591,204.567,2.0,3.085,2.07,7.464,4.469,7.205,14.767,4.966,19.8,10.987,10.698,2.748,2.857,11.319,0.52,1.117,0.468,8.512,4.0,3.062,0.226,0.161,0.261,0.087,0.487,50,grazing,goat03,13386101,1970-01-01 03:43:06.101
233,17.775,278.491,83.13,71.655,54.999,67.123,99.373,0.36,1.775,1.245,160.1,2.0,3.022,7.987,5.396,2.957,6.264,4.822,2.06,15.811,10.415,10.608,2.627,2.48,10.735,0.58,2.078,-0.77,7.866,3.8,3.059,0.134,0.18,0.397,0.211,0.173,50,grazing,goat03,13396101,1970-01-01 03:43:16.101
234,12.532,401.436,94.384,56.787,88.378,62.516,128.696,0.3,3.457,1.911,277.52,1.2,3.089,15.127,12.112,19.994,9.074,20.012,3.149,15.773,10.2,10.138,2.582,1.946,10.515,0.66,0.861,-0.361,7.76,4.6,3.048,0.174,0.189,0.195,0.039,0.192,50,grazing,goat03,13406101,1970-01-01 03:43:26.101
235,14.121,329.085,88.25,67.809,67.54,66.677,110.718,0.38,3.591,1.884,205.054,1.6,3.024,0.475,8.198,6.624,15.763,7.01,4.429,15.521,10.247,10.44,2.461,3.227,10.532,0.56,-0.09,-0.006,7.556,2.4,3.072,0.24,0.17,0.082,0.233,0.121,50,grazing,goat03,13416101,1970-01-01 03:43:36.101
236,9.953,192.194,67.468,56.365,43.865,54.821,80.235,0.34,0.139,0.983,127.287,1.6,3.008,9.394,7.486,3.198,3.866,4.826,3.825,17.081,10.555,10.641,2.333,2.223,10.804,0.66,1.155,-0.092,6.946,4.4,3.019,0.251,0.21,0.051,0.059,0.164,50,grazing,goat03,13426101,1970-01-01 03:43:46.101
237,9.599,377.794,103.974,68.758,82.146,87.299,131.999,0.4,1.487,1.387,264.181,1.4,3.098,7.556,3.663,9.696,12.242,11.958,2.522,35.423,11.755,10.726,5.217,5.027,12.839,0.42,6.811,1.873,15.822,4.0,3.059,1.27,0.445,0.319,0.687,0.496,50,grazing,goat03,13436101,1970-01-01 03:43:56.101
238,12.906,198.721,55.334,40.745,40.178,35.187,68.146,0.34,3.905,1.962,119.424,0.4,3.029,11.145,12.736,7.369,7.605,6.856,4.197,14.935,9.883,9.943,2.122,1.969,10.104,0.66,1.529,-0.234,6.643,3.2,3.093,0.204,0.07,0.198,0.265,0.092,50,grazing,goat03,13446101,1970-01-01 03:44:06.101
239,10.799,336.416,89.765,62.21,77.019,80.441,117.776,0.38,1.988,1.533,217.638,1.6,2.981,2.193,16.308,13.586,19.023,4.048,5.183,19.727,10.328,9.869,2.649,2.593,10.656,0.58,1.978,0.859,7.717,2.6,3.012,0.113,0.168,0.283,0.095,0.103,50,grazing,goat03,13456101,1970-01-01 03:44:16.101
240,14.963,214.762,57.179,43.547,47.53,34.525,74.05,0.3,4.144,2.16,136.905,1.0,2.982,11.829,9.186,4.849,12.656,13.551,5.269,15.425,9.837,9.672,1.529,1.706,9.953,0.44,3.26,0.491,5.007,1.4,3.121,0.094,0.232,0.191,0.195,0.115,50,grazing,goat03,13466101,1970-01-01 03:44:26.101
241,3.417,252.182,49.566,45.678,38.879,36.791,62.755,0.22,12.942,2.985,121.971,0.2,3.108,14.573,4.786,3.072,4.561,7.476,7.116,13.901,9.883,9.695,1.229,1.581,9.957,0.52,1.083,0.6,3.885,0.8,3.093,0.078,0.034,0.206,0.3,0.245,50,grazing,goat03,13476101,1970-01-01 03:44:36.101
242,7.998,145.573,65.614,62.723,32.877,40.82,73.243,0.42,-0.113,0.569,99.439,0.2,3.043,11.114,4.832,2.185,4.789,5.061,3.982,12.05,9.705,9.833,1.285,1.262,9.788,0.6,6.332,-1.722,3.976,1.8,3.077,0.175,0.227,0.196,0.061,0.07,50,grazing,goat03,13486101,1970-01-01 03:44:46.101
243,8.484,121.045,41.505,36.581,25.02,29.631,48.334,0.4,1.681,1.321,74.925,0.4,3.039,2.687,7.061,4.524,5.653,5.056,7.725,12.692,9.832,9.763,0.963,1.269,9.878,0.5,0.625,0.395,3.049,2.2,3.104,0.107,0.069,0.113,0.128,0.05,50,grazing,goat03,13496101,1970-01-01 03:44:56.101
244,5.335,115.059,34.209,26.328,22.234,28.37,40.678,0.42,2.266,1.401,69.177,1.8,3.069,2.686,3.613,3.151,0.143,1.47,7.688,12.853,9.881,9.828,0.855,0.859,9.917,0.68,2.067,0.311,2.659,2.4,3.093,0.031,0.049,0.111,0.087,0.076,50,grazing,goat03,13506101,1970-01-01 03:45:06.101
245,5.996,133.494,46.748,37.434,32.301,33.746,56.639,0.32,0.444,1.123,95.242,0.2,3.03,11.812,4.786,4.986,0.893,2.271,6.425,13.963,9.903,9.869,1.445,0.965,10.006,0.66,1.594,0.373,4.52,3.6,3.068,0.184,0.159,0.057,0.141,0.113,50,grazing,goat03,13516101,1970-01-01 03:45:16.101
246,2.73,101.932,34.239,25.043,23.031,31.674,41.136,0.2,0.285,1.065,64.761,0.2,2.962,7.954,5.725,5.874,5.077,2.241,7.563,12.115,9.81,9.676,0.894,1.05,9.85,0.66,0.158,0.098,2.676,4.4,3.001,0.013,0.077,0.024,0.035,0.033,50,grazing,goat03,13526101,1970-01-01 03:45:26.101
247,8.9,152.186,57.402,47.632,34.56,51.016,66.824,0.4,-0.252,0.665,107.297,1.2,3.054,5.158,7.356,4.648,5.775,2.115,7.675,14.174,9.878,9.645,1.304,1.341,9.962,0.6,1.089,0.789,4.298,4.6,3.138,0.122,0.047,0.099,0.224,0.198,50,grazing,goat03,13536101,1970-01-01 03:45:36.101
248,5.719,145.025,46.117,37.318,29.568,39.408,54.622,0.38,1.135,1.037,89.485,0.6,3.046,4.935,6.147,8.363,2.03,1.959,7.363,12.81,9.731,9.613,1.066,1.225,9.788,0.66,1.037,0.647,3.234,4.4,3.035,0.106,0.111,0.035,0.024,0.06,50,grazing,goat03,13546101,1970-01-01 03:45:46.101
249,6.556,116.512,39.688,33.888,26.647,33.786,47.655,0.32,0.492,1.051,76.718,0.2,3.003,9.407,7.515,4.99,6.891,3.923,8.661,12.428,9.929,9.777,0.862,0.934,9.965,0.5,0.704,1.035,2.759,3.2,3.09,0.061,0.131,0.058,0.1,0.035,50,grazing,goat03,13556101,1970-01-01 03:45:56.101
250,6.844,115.007,45.972,39.124,28.226,44.273,53.798,0.22,-0.487,0.764,81.594,0.4,3.018,6.252,11.477,2.263,3.902,6.512,8.153,12.315,9.803,9.811,0.896,1.072,9.844,0.52,-0.067,0.164,2.713,2.2,3.012,0.058,0.108,0.074,0.124,0.025,50,grazing,goat03,13566101,1970-01-01 03:46:06.101
251,10.437,99.261,39.378,35.142,20.159,24.431,44.146,0.44,0.154,0.832,61.555,0.2,3.08,6.531,2.945,3.016,2.399,2.096,7.849,11.733,9.972,9.859,0.853,1.148,10.008,0.64,-0.3,-0.059,2.59,3.4,3.053,0.118,0.047,0.05,0.072,0.036,50,grazing,goat03,13576101,1970-01-01 03:46:16.101
252,16.11,222.109,63.379,44.049,47.711,51.591,79.042,0.22,2.397,1.669,135.761,0.8,2.993,10.884,11.972,8.874,17.773,7.564,5.131,13.874,9.96,9.992,1.349,0.794,10.05,0.64,4.045,-0.328,4.063,4.0,3.047,0.08,0.129,0.041,0.023,0.137,50,grazing,goat03,13586101,1970-01-01 03:46:26.101
253,6.634,279.308,76.173,55.427,67.542,71.312,101.356,0.26,0.852,1.307,199.955,0.6,3.021,9.975,11.757,24.497,11.425,3.441,3.51,13.756,9.997,9.985,1.751,1.242,10.146,0.56,2.912,-0.615,5.229,4.6,3.049,0.091,0.098,0.043,0.197,0.108,50,grazing,goat03,13596101,1970-01-01 03:46:36.101
254,20.917,425.165,123.535,95.172,90.104,104.921,152.372,0.32,2.129,1.47,283.065,1.2,3.064,12.324,13.884,7.843,7.074,10.048,3.676,17.119,10.228,10.505,2.772,3.067,10.59,0.68,0.065,-0.037,8.873,4.2,3.099,0.149,0.179,0.012,0.159,0.333,50,grazing,goat03,13606101,1970-01-01 03:46:46.101
255,11.841,330.705,93.05,70.098,68.947,53.217,115.399,0.26,2.556,1.671,210.41,1.4,3.068,18.076,5.722,7.462,11.595,6.329,3.555,15.341,10.245,10.218,2.532,4.119,10.548,0.52,-0.254,-0.33,7.962,3.0,3.08,0.196,0.07,0.189,0.235,0.097,50,grazing,goat03,13616101,1970-01-01 03:46:56.101
256,20.868,253.38,76.371,55.114,55.043,60.474,93.817,0.4,1.624,1.466,167.474,1.4,3.051,6.296,8.716,8.57,7.308,8.233,3.058,14.176,10.111,10.081,2.256,2.477,10.355,0.52,1.841,-0.818,7.122,2.6,3.105,0.093,0.204,0.219,0.211,0.296,50,grazing,goat03,13626101,1970-01-01 03:47:06.101
257,8.455,125.581,64.179,62.402,28.493,35.034,70.104,0.32,-0.312,0.177,88.103,2.4,3.069,7.31,2.273,3.994,7.114,0.765,7.752,12.689,9.804,9.64,1.022,1.217,9.856,0.38,0.382,0.579,2.972,1.6,2.995,0.191,0.051,0.113,0.103,0.126,50,grazing,goat03,13636101,1970-01-01 03:47:16.101
258,11.522,496.541,92.498,52.693,89.967,92.026,128.406,0.16,6.661,2.294,253.379,0.4,2.971,20.562,35.208,5.752,14.131,2.858,4.196,23.2,10.205,9.788,3.092,1.79,10.654,0.26,5.768,1.933,9.577,0.8,3.08,0.416,0.381,0.397,0.893,0.291,50,grazing,goat03,13646101,1970-01-01 03:47:26.101
259,15.078,402.612,96.918,70.869,80.038,87.798,125.184,0.22,3.765,1.824,240.598,0.2,3.043,26.627,11.078,17.906,15.051,5.732,2.564,18.382,10.105,9.584,3.259,2.276,10.607,0.66,0.933,0.15,9.196,3.0,2.964,0.537,0.336,0.088,0.287,0.268,50,grazing,goat03,13656101,1970-01-01 03:47:36.101
260,10.719,578.421,86.947,57.591,100.53,46.551,132.151,0.26,10.849,3.094,314.417,1.4,3.087,27.773,9.364,18.021,19.432,9.589,2.717,23.579,10.513,10.12,3.038,1.89,10.935,0.38,6.173,1.592,9.181,0.8,3.035,0.474,0.349,0.732,0.91,0.282,50,grazing,goat03,13666101,1970-01-01 03:47:46.101
261,18.855,320.16,81.312,64.249,64.699,57.302,103.508,0.4,4.159,2.111,191.911,4.2,3.023,12.45,1.826,7.553,3.692,11.886,2.564,14.717,10.073,10.259,2.245,2.148,10.315,0.42,2.006,-0.794,6.682,2.6,3.03,0.177,0.094,0.184,0.294,0.206,50,grazing,goat03,13676101,1970-01-01 03:47:56.101
262,14.527,340.271,89.156,63.209,74.724,70.97,115.848,0.32,2.014,1.605,229.423,1.2,3.069,2.772,8.475,18.84,16.968,2.824,1.081,18.27,10.286,10.083,3.349,2.954,10.807,0.56,0.957,-0.171,10.132,3.0,2.998,0.457,0.084,0.169,0.215,0.231,50,grazing,goat03,13686101,1970-01-01 03:48:06.101
263,19.665,309.523,104.4,79.301,72.166,109.307,126.504,0.4,0.469,1.041,219.208,1.6,3.076,10.103,11.443,9.834,7.853,4.618,4.133,15.991,10.321,10.527,2.495,3.105,10.613,0.52,0.314,-0.141,7.352,3.2,3.014,0.119,0.245,0.316,0.174,0.114,50,grazing,goat03,13696101,1970-01-01 03:48:16.101
264,17.071,297.849,96.966,90.575,57.828,76.78,112.604,0.48,3.155,1.513,174.09,1.6,3.037,8.907,11.794,6.991,8.229,10.149,6.324,17.636,10.225,10.075,2.138,1.752,10.441,0.52,1.829,0.936,6.797,1.8,3.081,0.275,0.058,0.267,0.448,0.314,50,grazing,goat03,13706101,1970-01-01 03:48:26.101
265,25.018,222.276,93.297,78.102,55.969,81.361,108.509,0.4,-0.364,0.816,171.632,1.6,3.034,5.5,10.521,10.701,8.668,8.308,4.928,14.643,10.365,10.554,2.231,3.265,10.597,0.56,-0.355,-0.169,7.232,3.6,3.104,0.313,0.211,0.248,0.161,0.082,50,grazing,goat03,13716101,1970-01-01 03:48:36.101
266,13.068,567.588,112.75,91.815,94.134,72.085,146.275,0.26,9.846,2.806,281.535,0.2,3.025,25.603,2.527,16.004,3.539,6.253,3.343,20.157,10.495,10.229,3.062,2.805,10.924,0.56,1.485,0.823,8.971,3.0,3.045,0.291,0.174,0.253,0.122,0.184,50,grazing,goat03,13726101,1970-01-01 03:48:46.101
267,7.504,350.491,106.331,78.281,82.097,49.019,133.833,0.26,1.805,1.671,254.035,0.4,3.067,8.035,20.184,12.064,17.483,4.867,3.563,19.724,10.725,10.247,2.788,2.446,11.075,0.44,1.795,0.326,8.47,3.8,3.039,0.14,0.267,0.221,0.342,0.125,50,grazing,goat03,13736101,1970-01-01 03:48:56.101
268,9.82,366.31,105.371,84.195,76.332,100.641,129.665,0.34,1.296,1.252,239.022,1.4,3.092,10.188,7.964,8.249,10.791,4.222,3.824,20.626,10.356,9.948,3.117,2.175,10.805,0.58,2.394,1.098,9.275,2.6,2.969,0.011,0.134,0.272,0.207,0.248,50,grazing,goat03,13746101,1970-01-01 03:49:06.101
269,8.147,355.877,104.253,76.839,80.768,93.246,131.384,0.34,1.365,1.375,242.779,1.8,3.041,12.829,10.089,2.858,9.679,15.677,5.411,19.031,10.308,10.038,2.417,2.802,10.582,0.56,2.378,0.847,7.87,1.2,3.136,0.366,0.202,0.221,0.238,0.275,50,grazing,goat03,13756101,1970-01-01 03:49:16.101
270,13.465,403.225,107.107,72.223,90.256,79.656,139.482,0.32,2.086,1.654,287.738,5.0,3.07,22.409,6.584,11.79,13.028,15.773,6.0,17.127,10.717,10.521,2.376,2.46,10.972,0.56,0.239,0.642,7.263,3.8,3.049,0.395,0.261,0.229,0.085,0.401,50,grazing,goat03,13766101,1970-01-01 03:49:26.101
271,18.707,257.439,82.777,60.897,52.791,55.9,97.894,0.34,1.175,1.274,161.069,0.4,3.062,13.167,14.642,3.99,6.959,2.756,6.838,14.461,10.018,9.719,1.647,1.605,10.15,0.54,0.445,0.689,5.051,3.2,3.027,0.094,0.115,0.046,0.091,0.194,50,grazing,goat03,13776101,1970-01-01 03:49:36.101
272,11.711,271.673,71.998,58.299,50.346,48.504,87.566,0.32,3.425,1.614,152.067,0.2,3.056,18.14,5.174,6.576,8.738,5.608,2.225,18.43,10.372,10.353,2.698,2.101,10.711,0.62,3.332,0.027,8.174,4.0,3.042,0.163,0.28,0.3,0.085,0.084,50,grazing,goat03,13786101,1970-01-01 03:49:46.101
273,10.451,517.942,96.504,87.467,77.693,68.345,123.404,0.3,15.465,3.334,254.074,1.4,3.142,9.947,10.607,10.571,2.308,10.196,4.293,20.099,10.463,10.177,2.72,2.972,10.804,0.6,2.181,0.588,8.157,3.0,3.04,0.21,0.291,0.464,0.329,0.176,50,grazing,goat03,13796101,1970-01-01 03:49:56.101
274,22.956,290.844,94.85,70.711,62.584,75.303,113.292,0.42,1.528,1.315,188.227,1.0,3.047,10.062,5.727,17.643,3.242,18.847,6.874,13.553,10.111,10.227,1.443,1.148,10.212,0.44,0.666,0.102,4.469,1.6,3.07,0.328,0.142,0.235,0.123,0.156,50,grazing,goat03,13806101,1970-01-01 03:50:06.101
275,25.521,473.777,120.603,87.348,93.631,86.61,152.107,0.4,3.699,1.923,299.28,1.6,3.112,22.592,13.656,6.172,11.122,18.493,3.285,18.082,10.468,9.84,2.98,3.992,10.876,0.54,0.312,0.396,8.992,2.8,3.014,0.428,0.161,0.096,0.355,0.145,50,grazing,goat03,13816101,1970-01-01 03:50:16.101
276,12.854,460.711,104.729,86.596,78.258,75.952,130.269,0.34,6.825,2.152,244.836,1.6,3.078,17.17,7.664,15.652,6.921,18.374,5.088,16.02,10.339,9.724,2.767,2.77,10.696,0.58,-0.467,0.325,7.169,3.8,2.851,0.28,0.16,0.415,0.35,0.17,50,grazing,goat03,13826101,1970-01-01 03:50:26.101
277,13.308,486.371,97.604,76.414,92.262,69.332,133.673,0.34,7.718,2.625,283.827,1.6,3.068,19.892,6.852,11.692,0.969,6.635,4.493,16.399,10.344,10.197,2.509,1.976,10.637,0.6,0.812,0.455,7.992,4.4,3.108,0.326,0.155,0.196,0.359,0.332,50,grazing,goat03,13836101,1970-01-01 03:50:36.101
278,8.776,320.001,76.125,65.094,56.58,49.633,94.511,0.48,8.157,2.606,181.426,2.6,3.114,9.438,3.248,12.009,3.475,5.459,5.876,14.727,10.475,10.335,1.767,1.585,10.62,0.5,0.707,0.47,5.991,5.0,3.148,0.187,0.13,0.229,0.14,0.351,50,grazing,goat03,13846101,1970-01-01 03:50:46.101
279,12.334,388.213,98.219,75.96,74.524,78.974,122.84,0.42,4.102,1.898,232.342,0.8,3.078,6.168,10.094,9.126,21.218,4.918,5.309,20.369,10.689,10.428,2.719,2.808,11.023,0.56,1.938,0.899,8.774,2.8,3.126,0.485,0.192,0.183,0.307,0.306,50,grazing,goat03,13856101,1970-01-01 03:50:56.101
280,11.785,263.155,66.034,55.023,47.347,52.09,80.978,0.42,4.863,1.887,149.733,2.6,3.096,4.934,12.383,6.169,2.335,6.762,3.675,14.765,10.365,10.061,1.853,1.29,10.526,0.56,2.819,-0.084,5.565,3.4,3.017,0.198,0.084,0.087,0.022,0.244,50,grazing,goat03,13866101,1970-01-01 03:51:06.101
281,22.408,324.702,100.774,82.186,64.172,71.551,119.126,0.34,1.741,1.351,198.126,1.6,3.062,1.845,9.166,17.911,6.982,3.761,4.078,17.083,10.372,10.217,2.294,3.125,10.617,0.52,0.844,0.086,7.002,1.6,3.065,0.195,0.118,0.481,0.051,0.078,50,grazing,goat03,13876101,1970-01-01 03:51:16.101
282,15.637,542.954,126.452,93.098,108.674,97.336,166.024,0.3,3.868,1.91,332.338,1.6,3.047,12.062,16.439,25.32,8.366,21.31,0.885,19.34,10.722,10.338,3.724,3.582,11.338,0.56,0.632,0.457,11.68,4.6,3.06,0.516,0.664,0.248,0.041,0.557,50,grazing,goat03,13886101,1970-01-01 03:51:26.101
283,13.309,355.542,93.341,68.804,72.158,65.337,117.538,0.34,3.764,1.926,230.241,1.4,3.093,6.82,8.893,8.946,12.291,14.079,5.145,16.584,10.485,10.145,1.973,1.742,10.665,0.56,1.709,0.624,6.22,2.8,3.066,0.417,0.083,0.385,0.41,0.156,50,grazing,goat03,13896101,1970-01-01 03:51:36.101
284,15.389,272.971,69.831,58.26,48.825,44.645,84.927,0.46,6.682,2.324,152.043,0.8,3.077,6.851,4.642,11.657,14.973,0.891,8.328,13.885,10.072,9.869,1.083,1.269,10.128,0.58,2.73,1.231,3.486,4.8,3.116,0.108,0.09,0.038,0.216,0.104,50,grazing,goat03,13906101,1970-01-01 03:51:46.101
285,22.772,537.497,127.508,94.247,105.575,72.823,164.868,0.34,3.585,1.879,325.204,4.8,3.074,10.441,18.479,14.91,10.775,10.297,2.798,25.588,10.653,10.316,3.841,4.174,11.311,0.56,3.119,0.895,12.247,3.0,3.098,0.223,0.139,0.138,0.435,0.493,50,grazing,goat03,13916101,1970-01-01 03:51:56.101
286,5.928,173.771,66.929,62.926,36.465,44.141,76.043,0.48,0.36,0.656,102.23,2.6,2.959,6.188,3.603,1.768,6.856,2.133,6.741,15.402,10.138,10.09,1.641,1.782,10.268,0.54,1.136,0.494,4.998,4.0,3.045,0.094,0.087,0.195,0.08,0.093,50,grazing,goat03,13926101,1970-01-01 03:52:06.101
287,9.332,293.834,76.488,62.9,58.012,67.022,95.648,0.42,2.814,1.609,180.427,3.0,3.066,2.257,5.844,10.399,6.012,11.789,5.042,27.253,10.568,10.297,3.141,1.755,11.016,0.52,14.377,2.968,10.414,4.6,3.148,0.319,0.508,0.236,0.429,0.331,50,grazing,goat03,13936101,1970-01-01 03:52:16.101
288,19.256,278.596,71.078,54.414,51.711,48.702,87.594,0.26,4.057,1.88,152.498,1.2,3.042,3.735,10.492,3.145,17.307,7.74,7.474,13.692,10.305,10.212,1.485,2.369,10.409,0.56,-0.752,0.09,4.513,3.6,3.055,0.186,0.052,0.254,0.139,0.039,50,grazing,goat03,13946101,1970-01-01 03:52:26.101
289,10.289,410.219,85.145,71.697,64.27,49.751,106.29,0.34,11.266,2.793,210.389,0.8,3.137,13.565,4.588,10.129,18.616,12.437,2.882,16.047,10.193,10.018,2.512,2.215,10.492,0.54,0.827,0.106,8.036,1.6,3.09,0.124,0.234,0.207,0.333,0.209,50,grazing,goat03,13956101,1970-01-01 03:52:36.101
290,8.383,430.902,109.85,84.664,87.246,82.487,139.738,0.28,2.944,1.748,263.303,1.4,3.062,5.133,11.199,6.735,6.067,8.695,4.448,17.246,10.285,9.922,2.498,2.663,10.579,0.58,0.66,-0.019,7.311,3.4,3.002,0.206,0.184,0.028,0.09,0.139,50,grazing,goat03,13966101,1970-01-01 03:52:46.101
291,28.892,277.422,108.032,101.036,63.054,73.475,124.768,0.44,0.38,1.015,189.786,1.4,3.029,6.664,1.005,7.622,10.481,1.093,2.188,25.892,10.538,10.397,3.82,2.726,11.196,0.44,4.709,1.453,12.64,2.0,3.142,0.529,0.443,0.298,0.253,0.458,50,grazing,goat03,13976101,1970-01-01 03:52:56.101
292,22.948,219.401,85.846,70.046,55.848,75.209,102.108,0.28,-0.011,1.021,170.453,1.6,3.043,7.393,8.544,11.813,5.101,3.845,4.395,13.708,10.04,10.24,1.827,2.08,10.202,0.5,1.577,-0.831,5.483,2.4,3.013,0.163,0.113,0.091,0.093,0.254,50,grazing,goat03,13986101,1970-01-01 03:53:06.101
293,12.043,488.827,104.594,72.217,97.057,80.854,142.027,0.26,4.605,2.087,300.618,1.4,3.084,15.709,17.453,17.123,12.368,16.542,5.271,15.855,9.961,9.736,2.094,1.904,10.175,0.44,1.194,0.702,6.342,2.8,3.061,0.277,0.131,0.131,0.134,0.404,50,grazing,goat03,13996101,1970-01-01 03:53:16.101
294,14.846,318.334,98.718,80.097,65.66,61.761,118.196,0.44,1.965,1.454,214.873,1.8,3.144,7.83,10.937,13.346,3.946,6.308,2.415,19.196,10.274,10.202,2.856,2.43,10.656,0.48,2.397,-0.11,9.051,3.2,3.084,0.248,0.142,0.368,0.592,0.128,50,grazing,goat03,14006101,1970-01-01 03:53:26.101
295,10.484,396.246,105.81,71.056,84.332,94.054,134.779,0.32,1.833,1.456,247.087,1.4,3.01,6.715,10.828,18.701,3.108,15.491,2.655,18.177,10.111,10.261,3.038,3.008,10.549,0.5,0.655,0.271,9.076,1.8,3.013,0.217,0.304,0.214,0.163,0.254,50,grazing,goat03,14016101,1970-01-01 03:53:36.101
296,19.108,292.869,88.962,69.506,61.687,66.845,107.905,0.4,2.303,1.612,192.165,2.0,3.071,7.954,4.454,6.266,13.648,5.479,3.471,15.425,9.816,9.984,2.507,3.258,10.125,0.6,0.301,-0.108,7.874,3.8,3.067,0.136,0.07,0.342,0.052,0.18,50,grazing,goat03,14026101,1970-01-01 03:53:46.101
297,6.667,302.965,84.957,60.188,67.394,62.807,108.022,0.42,2.259,1.657,200.826,1.8,3.039,5.168,7.253,5.221,9.756,16.144,1.55,14.526,10.046,10.34,2.609,2.158,10.373,0.56,1.297,-0.824,7.819,3.6,3.032,0.209,0.268,0.219,0.448,0.182,50,grazing,goat03,14036101,1970-01-01 03:53:56.101
298,10.557,259.213,77.354,62.946,51.845,54.352,92.832,0.28,2.266,1.501,154.521,1.4,3.032,5.339,14.279,8.777,2.941,5.093,3.567,17.758,10.238,10.064,2.642,2.693,10.567,0.6,0.841,0.004,7.995,4.0,3.035,0.079,0.319,0.168,0.179,0.163,50,grazing,goat03,14046101,1970-01-01 03:54:06.101
299,13.876,315.11,91.583,72.432,63.043,49.708,110.826,0.34,2.571,1.677,203.469,0.6,3.124,10.009,8.362,15.817,6.231,10.394,5.563,16.041,10.301,10.245,2.031,1.791,10.495,0.54,1.143,0.484,6.505,3.2,3.093,0.313,0.107,0.156,0.127,0.145,50,grazing,goat03,14056101,1970-01-01 03:54:16.101
